SE_id,SE_type,lon,lat,node_id,SE_group,location_type
619,L2_7200,-76.34421852,37.0399318,707820d0_lv_node.3,2,U
103736,L2_17280,-76.34421852,37.0399318,707479d0_lv_node.2,2,U
104387,L2_3600,-76.34421852,37.0399318,708101d0_lv_node.3,2,U
103669,L2_3600,-76.34421852,37.0399318,707859d0_lv_node.2,2,U
104098,L2_3600,-76.34421852,37.0399318,707754d0_lv_node.2,2,U
104253,L2_3600,-76.34421852,37.0399318,706191d0_lv_node.3,2,U
104033,L2_17280,-76.34421852,37.0399318,708103d0_lv_node.3,2,U
103794,L2_17280,-76.34421852,37.0399318,707815d0_lv_node.3,2,U
104204,L2_3600,-76.34421852,37.0399318,707908d0_lv_node.3,2,U
104008,L2_3600,-76.34421852,37.0399318,707909d0_lv_node.3,2,U
104258,L2_3600,-76.34421852,37.0399318,707756d0_lv_node.2,2,U
104291,L2_17280,-76.34421852,37.0399318,707842d0_lv_node.3,2,U
104321,L2_3600,-76.34421852,37.0399318,707882d0_lv_node.1,2,U
104292,L2_3600,-76.34421852,37.0399318,707935d0_lv_node.3,2,U
103689,L2_17280,-76.34421852,37.0399318,707916d0_lv_node.3,2,U
876,L2_7200,-76.34421852,37.0399318,705929d0_lv_node.2,1,U
972,L2_7200,-76.34421852,37.0399318,705929d0_lv_node.2,1,U
104350,L2_3600,-76.34421852,37.0399318,707900d0_lv_node.1,2,U
635,L2_7200,-76.34421852,37.0399318,708060d0_lv_node.2,2,U
1397,L2_7200,-76.34421852,37.0399318,708060d0_lv_node.2,2,U
104311,L2_3600,-76.34421852,37.0399318,1737702d0_lv_node.2,1,U
104223,L2_17280,-76.34421852,37.0399318,706165d0_lv_node.2,1,U
103765,L2_17280,-76.34421852,37.0399318,707774d0_lv_node.3,2,U
103678,L2_3600,-76.34421852,37.0399318,706186d0_lv_node.1,2,U
661,L2_7200,-76.34421852,37.0399318,707859d0_lv_node.2,2,U
1010,L2_7200,-76.34421852,37.0399318,707859d0_lv_node.2,2,U
1051,L2_7200,-76.34421852,37.0399318,707859d0_lv_node.2,2,U
667,L2_7200,-76.34421852,37.0399318,707840d0_lv_node.3,2,U
722,L2_7200,-76.34421852,37.0399318,707840d0_lv_node.3,2,U
833,L2_7200,-76.34421852,37.0399318,707840d0_lv_node.3,2,U
1044,L2_7200,-76.34421852,37.0399318,707840d0_lv_node.3,2,U
103683,L2_3600,-76.34421852,37.0399318,707762d0_lv_node.2,2,U
103551,L2_17280,-76.34421852,37.0399318,708053d0_lv_node.2,2,U
807,L2_7200,-76.34421852,37.0399318,707909d0_lv_node.3,2,U
1013,L2_7200,-76.34421852,37.0399318,707909d0_lv_node.3,2,U
806,L2_7200,-76.34421852,37.0399318,707870d0_lv_node.1,2,U
1339,L2_7200,-76.34421852,37.0399318,707870d0_lv_node.1,2,U
103705,L2_17280,-76.34421852,37.0399318,707789d0_lv_node.2,2,U
103929,L2_3600,-76.34421852,37.0399318,708094d0_lv_node.1,2,U
611,L2_7200,-76.34421852,37.0399318,707840d0_lv_node.3,2,U
613,L2_7200,-76.34421852,37.0399318,707840d0_lv_node.3,2,U
104349,L2_17280,-76.34421852,37.0399318,706186d0_lv_node.1,2,U
103866,L2_3600,-76.34421852,37.0399318,707484d0_lv_node.2,2,U
104229,L2_3600,-76.34421852,37.0399318,708154d0_lv_node.1,3,U
103556,L2_17280,-76.34421852,37.0399318,707503d0_lv_node.1,2,U
724,L2_7200,-76.34421852,37.0399318,705885d0_lv_node.3,1,U
1289,L2_7200,-76.34421852,37.0399318,705885d0_lv_node.3,1,U
1287,L2_7200,-76.34421852,37.0399318,705885d0_lv_node.3,1,U
103993,L2_3600,-76.34421852,37.0399318,708152d0_lv_node.1,2,U
821,L2_7200,-76.34421852,37.0399318,705929d0_lv_node.2,1,U
786,L2_7200,-76.34421852,37.0399318,707466d0_lv_node.3,2,U
800,L2_7200,-76.34421852,37.0399318,707466d0_lv_node.3,2,U
885,L2_7200,-76.34421852,37.0399318,707466d0_lv_node.3,2,U
104351,L2_3600,-76.34421852,37.0399318,707503d0_lv_node.1,2,U
103648,L2_17280,-76.34421852,37.0399318,707870d0_lv_node.1,2,U
103676,L2_17280,-76.34421852,37.0399318,707891d0_lv_node.2,2,U
103703,L2_17280,-76.34421852,37.0399318,707978d0_lv_node.3,2,U
104294,L2_3600,-76.34421852,37.0399318,708093d0_lv_node.1,2,U
104260,L2_3600,-76.34421852,37.0399318,708060d0_lv_node.2,2,U
103622,L2_3600,-76.34421852,37.0399318,708093d0_lv_node.1,2,U
104271,L2_3600,-76.34421852,37.0399318,705843d0_lv_node.2,1,U
103719,L2_17280,-76.34421852,37.0399318,707916d0_lv_node.3,2,U
104266,L2_3600,-76.34421852,37.0399318,707762d0_lv_node.2,2,U
104206,L2_17280,-76.34421852,37.0399318,707882d0_lv_node.1,2,U
104089,L2_17280,-76.34421852,37.0399318,707775d0_lv_node.3,2,U
663,L2_7200,-76.34421852,37.0399318,706034d0_lv_node.3,1,U
104360,L2_3600,-76.34421852,37.0399318,707838d0_lv_node.3,2,U
103949,L2_3600,-76.34421852,37.0399318,707466d0_lv_node.3,2,U
103684,L2_17280,-76.34421852,37.0399318,708104d0_lv_node.3,2,U
104373,L2_3600,-76.34421852,37.0399318,707536d0_lv_node.2,2,U
103650,L2_3600,-76.34421852,37.0399318,2122704d0_lv_node.1,1,U
103778,L2_17280,-76.34421852,37.0399318,707835d0_lv_node.1,2,U
103922,L2_17280,-76.34421852,37.0399318,707837d0_lv_node.1,2,U
103561,L2_17280,-76.34421852,37.0399318,707881d0_lv_node.3,2,U
104244,L2_3600,-76.34421852,37.0399318,705952d0_lv_node.1,1,U
359,L2_7200,-76.34421852,37.0399318,707484d0_lv_node.2,2,U
735,L2_7200,-76.34421852,37.0399318,707484d0_lv_node.2,2,U
666,L2_7200,-76.34421852,37.0399318,708182d0_lv_node.1,3,U
931,L2_7200,-76.34421852,37.0399318,708182d0_lv_node.1,3,U
103814,L2_3600,-76.34421852,37.0399318,707840d0_lv_node.3,2,U
1274,L2_7200,-76.34421852,37.0399318,707905d0_lv_node.3,2,U
1373,L2_7200,-76.34421852,37.0399318,707905d0_lv_node.3,2,U
829,L2_7200,-76.34421852,37.0399318,707909d0_lv_node.3,2,U
830,L2_7200,-76.34421852,37.0399318,707909d0_lv_node.3,2,U
918,L2_7200,-76.34421852,37.0399318,707909d0_lv_node.3,2,U
1052,L2_7200,-76.34421852,37.0399318,707909d0_lv_node.3,2,U
1185,L2_7200,-76.34421852,37.0399318,707909d0_lv_node.3,2,U
104097,L2_17280,-76.34421852,37.0399318,707908d0_lv_node.3,2,U
104295,L2_17280,-76.34421852,37.0399318,708179d0_lv_node.2,2,U
103952,L2_17280,-76.34421852,37.0399318,707854d0_lv_node.3,2,U
104228,L2_17280,-76.34421852,37.0399318,706042d0_lv_node.1,1,U
629,L2_7200,-76.34421852,37.0399318,705951d0_lv_node.2,1,U
1053,L2_7200,-76.34421852,37.0399318,707473d0_lv_node.3,2,U
1048,L2_7200,-76.34421852,37.0399318,707473d0_lv_node.3,2,U
1324,L2_7200,-76.34421852,37.0399318,707473d0_lv_node.3,2,U
104367,L2_17280,-76.34421852,37.0399318,707536d0_lv_node.2,2,U
104146,L2_17280,-76.34421852,37.0399318,708104d0_lv_node.3,2,U
815,L2_7200,-76.34421852,37.0399318,707824d0_lv_node.1,2,U
590,L2_7200,-76.34421852,37.0399318,707881d0_lv_node.3,2,U
588,L2_7200,-76.34421852,37.0399318,707881d0_lv_node.3,2,U
586,L2_7200,-76.34421852,37.0399318,707881d0_lv_node.3,2,U
587,L2_7200,-76.34421852,37.0399318,707881d0_lv_node.3,2,U
521,L2_7200,-76.34421852,37.0399318,708156d0_lv_node.1,2,U
537,L2_7200,-76.34421852,37.0399318,708156d0_lv_node.1,2,U
529,L2_7200,-76.34421852,37.0399318,708156d0_lv_node.1,2,U
681,L2_7200,-76.34421852,37.0399318,708156d0_lv_node.1,2,U
900,L2_7200,-76.34421852,37.0399318,708156d0_lv_node.1,2,U
103709,L2_17280,-76.34421852,37.0399318,708101d0_lv_node.3,2,U
104006,L2_17280,-76.34421852,37.0399318,708162d0_lv_node.1,3,U
818,L2_7200,-76.34421852,37.0399318,705964d0_lv_node.2,1,U
937,L2_7200,-76.34421852,37.0399318,705964d0_lv_node.2,1,U
1127,L2_7200,-76.34421852,37.0399318,705964d0_lv_node.2,1,U
103710,L2_17280,-76.34421852,37.0399318,707774d0_lv_node.3,2,U
614,L2_7200,-76.34421852,37.0399318,707762d0_lv_node.2,2,U
738,L2_7200,-76.34421852,37.0399318,707762d0_lv_node.2,2,U
1150,L2_7200,-76.34421852,37.0399318,707762d0_lv_node.2,2,U
1242,L2_7200,-76.34421852,37.0399318,707762d0_lv_node.2,2,U
103748,L2_3600,-76.34421852,37.0399318,707840d0_lv_node.3,2,U
709,L2_7200,-76.34421852,37.0399318,706013d0_lv_node.2,1,U
851,L2_7200,-76.34421852,37.0399318,706013d0_lv_node.2,1,U
572,L2_7200,-76.34421852,37.0399318,708029d0_lv_node.3,2,U
103818,L2_3600,-76.34421852,37.0399318,705889d0_lv_node.3,1,U
104375,L2_17280,-76.34421852,37.0399318,705931d0_lv_node.1,1,U
153,L2_7200,-76.34421852,37.0399318,706192d0_lv_node.3,1,U
278,L2_7200,-76.34421852,37.0399318,706192d0_lv_node.3,1,U
493,L2_7200,-76.34421852,37.0399318,706192d0_lv_node.3,1,U
1007,L2_7200,-76.34421852,37.0399318,706192d0_lv_node.3,1,U
1203,L2_7200,-76.34421852,37.0399318,706192d0_lv_node.3,1,U
1329,L2_7200,-76.34421852,37.0399318,706192d0_lv_node.3,1,U
1416,L2_7200,-76.34421852,37.0399318,706192d0_lv_node.3,1,U
103702,L2_17280,-76.34421852,37.0399318,705964d0_lv_node.2,1,U
103864,L2_17280,-76.34421852,37.0399318,708053d0_lv_node.2,2,U
323,L2_7200,-76.34421852,37.0399318,707484d0_lv_node.2,2,U
507,L2_7200,-76.34421852,37.0399318,707484d0_lv_node.2,2,U
103652,L2_17280,-76.34421852,37.0399318,706195d0_lv_node.2,2,U
758,L2_7200,-76.34421852,37.0399318,707900d0_lv_node.1,2,U
751,L2_7200,-76.34421852,37.0399318,707900d0_lv_node.1,2,U
747,L2_7200,-76.34421852,37.0399318,707900d0_lv_node.1,2,U
761,L2_7200,-76.34421852,37.0399318,707900d0_lv_node.1,2,U
103933,L2_17280,-76.34421852,37.0399318,707900d0_lv_node.1,2,U
103896,L2_17280,-76.34421852,37.0399318,707493d0_lv_node.2,2,U
243,L2_7200,-76.34421852,37.0399318,707908d0_lv_node.3,2,U
479,L2_7200,-76.34421852,37.0399318,707908d0_lv_node.3,2,U
475,L2_7200,-76.34421852,37.0399318,707908d0_lv_node.3,2,U
632,L2_7200,-76.34421852,37.0399318,707908d0_lv_node.3,2,U
665,L2_7200,-76.34421852,37.0399318,707908d0_lv_node.3,2,U
788,L2_7200,-76.34421852,37.0399318,707908d0_lv_node.3,2,U
103673,L2_17280,-76.34421852,37.0399318,708154d0_lv_node.1,3,U
104382,L2_17280,-76.34421852,37.0399318,707815d0_lv_node.3,2,U
517,L2_7200,-76.34421852,37.0399318,707789d0_lv_node.2,2,U
515,L2_7200,-76.34421852,37.0399318,707789d0_lv_node.2,2,U
981,L2_7200,-76.34421852,37.0399318,707789d0_lv_node.2,2,U
982,L2_7200,-76.34421852,37.0399318,707789d0_lv_node.2,2,U
977,L2_7200,-76.34421852,37.0399318,707789d0_lv_node.2,2,U
1112,L2_7200,-76.34421852,37.0399318,707789d0_lv_node.2,2,U
671,L2_7200,-76.34421852,37.0399318,707762d0_lv_node.2,2,U
1309,L2_7200,-76.34421852,37.0399318,707762d0_lv_node.2,2,U
104178,L2_3600,-76.34421852,37.0399318,708060d0_lv_node.2,2,U
103714,L2_17280,-76.34421852,37.0399318,706197d0_lv_node.3,2,U
104004,L2_17280,-76.34421852,37.0399318,706189d0_lv_node.3,1,U
104189,L2_17280,-76.34421852,37.0399318,707900d0_lv_node.1,2,U
679,L2_7200,-76.34421852,37.0399318,708027d0_lv_node.1,2,U
705,L2_7200,-76.34421852,37.0399318,708027d0_lv_node.1,2,U
820,L2_7200,-76.34421852,37.0399318,708027d0_lv_node.1,2,U
559,L2_7200,-76.34421852,37.0399318,707837d0_lv_node.1,2,U
533,L2_7200,-76.34421852,37.0399318,707837d0_lv_node.1,2,U
633,L2_7200,-76.34421852,37.0399318,707837d0_lv_node.1,2,U
934,L2_7200,-76.34421852,37.0399318,707837d0_lv_node.1,2,U
103795,L2_3600,-76.34421852,37.0399318,705972d0_lv_node.3,1,U
104379,L2_3600,-76.34421852,37.0399318,707870d0_lv_node.1,2,U
104119,L2_3600,-76.34421852,37.0399318,707466d0_lv_node.3,2,U
104341,L2_3600,-76.34421852,37.0399318,705929d0_lv_node.2,1,U
104245,L2_17280,-76.34421852,37.0399318,706191d0_lv_node.3,2,U
104060,L2_3600,-76.34421852,37.0399318,707789d0_lv_node.2,2,U
103733,L2_17280,-76.34421852,37.0399318,707870d0_lv_node.1,2,U
787,L2_7200,-76.34421852,37.0399318,707840d0_lv_node.3,2,U
104062,L2_17280,-76.34421852,37.0399318,707905d0_lv_node.3,2,U
103971,L2_17280,-76.34421852,37.0399318,707837d0_lv_node.1,2,U
103906,L2_17280,-76.34421852,37.0399318,705964d0_lv_node.2,1,U
211,L2_7200,-76.34421852,37.0399318,706043d0_lv_node.1,2,U
817,L2_7200,-76.34421852,37.0399318,706043d0_lv_node.1,2,U
1202,L2_7200,-76.34421852,37.0399318,706043d0_lv_node.1,2,U
1396,L2_7200,-76.34421852,37.0399318,706043d0_lv_node.1,2,U
1473,L2_7200,-76.34421852,37.0399318,706043d0_lv_node.1,2,U
104393,L2_3600,-76.34421852,37.0399318,708023d0_lv_node.3,2,U
104312,L2_17280,-76.34421852,37.0399318,707877d0_lv_node.2,2,U
104103,L2_17280,-76.34421852,37.0399318,705976d0_lv_node.2,1,U
406,L2_7200,-76.34421852,37.0399318,707909d0_lv_node.3,2,U
690,L2_7200,-76.34421852,37.0399318,707909d0_lv_node.3,2,U
1402,L2_7200,-76.34421852,37.0399318,707909d0_lv_node.3,2,U
91,L2_7200,-76.34421852,37.0399318,707934d0_lv_node.3,2,U
326,L2_7200,-76.34421852,37.0399318,707934d0_lv_node.3,2,U
530,L2_7200,-76.34421852,37.0399318,705952d0_lv_node.1,1,U
542,L2_7200,-76.34421852,37.0399318,707837d0_lv_node.1,2,U
1090,L2_7200,-76.34421852,37.0399318,707837d0_lv_node.1,2,U
878,L2_7200,-76.34421852,37.0399318,708148d0_lv_node.3,2,U
103620,L2_17280,-76.34421852,37.0399318,708103d0_lv_node.3,2,U
104135,L2_17280,-76.34421852,37.0399318,706003d0_lv_node.2,1,U
103640,L2_17280,-76.34421852,37.0399318,707826d0_lv_node.3,2,U
1332,L2_7200,-76.34421852,37.0399318,706003d0_lv_node.2,1,U
1306,L2_7200,-76.34421852,37.0399318,706003d0_lv_node.2,1,U
1310,L2_7200,-76.34421852,37.0399318,706003d0_lv_node.2,1,U
1311,L2_7200,-76.34421852,37.0399318,706003d0_lv_node.2,1,U
1323,L2_7200,-76.34421852,37.0399318,706003d0_lv_node.2,1,U
103917,L2_3600,-76.34421852,37.0399318,706178d0_lv_node.1,2,U
103953,L2_3600,-76.34421852,37.0399318,705976d0_lv_node.2,1,U
103621,L2_3600,-76.34421852,37.0399318,707536d0_lv_node.2,2,U
104236,L2_17280,-76.34421852,37.0399318,705889d0_lv_node.3,1,U
495,L2_7200,-76.34421852,37.0399318,707762d0_lv_node.2,2,U
104113,L2_17280,-76.34421852,37.0399318,707935d0_lv_node.3,2,U
103644,L2_17280,-76.34421852,37.0399318,708157d0_lv_node.1,2,U
103872,L2_17280,-76.34421852,37.0399318,707840d0_lv_node.3,2,U
103602,L2_17280,-76.34421852,37.0399318,707847d0_lv_node.3,2,U
103537,L2_17280,-76.34421852,37.0399318,708157d0_lv_node.1,2,U
103980,L2_17280,-76.34421852,37.0399318,706195d0_lv_node.2,2,U
1037,L2_7200,-76.34421852,37.0399318,707820d0_lv_node.3,2,U
1033,L2_7200,-76.34421852,37.0399318,707820d0_lv_node.3,2,U
687,L2_7200,-76.34421852,37.0399318,705964d0_lv_node.2,1,U
692,L2_7200,-76.34421852,37.0399318,705964d0_lv_node.2,1,U
103639,L2_17280,-76.34421852,37.0399318,707848d0_lv_node.3,2,U
104336,L2_3600,-76.34421852,37.0399318,707826d0_lv_node.3,2,U
104361,L2_3600,-76.34421852,37.0399318,707859d0_lv_node.2,2,U
103861,L2_17280,-76.34421852,37.0399318,707536d0_lv_node.2,2,U
104051,L2_17280,-76.34421852,37.0399318,707536d0_lv_node.2,2,U
104389,L2_3600,-76.34421852,37.0399318,707905d0_lv_node.3,2,U
103687,L2_17280,-76.34421852,37.0399318,708162d0_lv_node.1,3,U
104010,L2_17280,-76.34421852,37.0399318,708154d0_lv_node.1,3,U
104063,L2_3600,-76.34421852,37.0399318,708103d0_lv_node.3,2,U
103979,L2_3600,-76.34421852,37.0399318,708179d0_lv_node.2,2,U
103945,L2_17280,-76.34421852,37.0399318,708154d0_lv_node.1,3,U
104377,L2_3600,-76.34421852,37.0399318,707935d0_lv_node.3,2,U
104022,L2_17280,-76.34421852,37.0399318,706195d0_lv_node.2,2,U
103833,L2_17280,-76.34421852,37.0399318,706195d0_lv_node.2,2,U
103984,L2_17280,-76.34421852,37.0399318,1913217d0_lv_node.2,1,U
104127,L2_17280,-76.34421852,37.0399318,707908d0_lv_node.3,2,U
103701,L2_17280,-76.34421852,37.0399318,706195d0_lv_node.2,2,U
104160,L2_3600,-76.34421852,37.0399318,705982d0_lv_node.1,1,U
103536,L2_17280,-76.34421852,37.0399318,707916d0_lv_node.3,2,U
103605,L2_17280,-76.34421852,37.0399318,708103d0_lv_node.3,2,U
104052,L2_17280,-76.34421852,37.0399318,706189d0_lv_node.3,1,U
104072,L2_3600,-76.34421852,37.0399318,706181d0_lv_node.1,2,U
103598,L2_17280,-76.34421852,37.0399318,708152d0_lv_node.1,2,U
103858,L2_17280,-76.34421852,37.0399318,706195d0_lv_node.2,2,U
773,L2_7200,-76.34421852,37.0399318,707913d0_lv_node.1,2,U
730,L2_7200,-76.34421852,37.0399318,707762d0_lv_node.2,2,U
720,L2_7200,-76.34421852,37.0399318,707762d0_lv_node.2,2,U
103535,L2_17280,-76.34421852,37.0399318,707867d0_lv_node.2,2,U
342,L2_7200,-76.34421852,37.0399318,707900d0_lv_node.1,2,U
1291,L2_7200,-76.34421852,37.0399318,707900d0_lv_node.1,2,U
103688,L2_17280,-76.34421852,37.0399318,708023d0_lv_node.3,2,U
104181,L2_17280,-76.34421852,37.0399318,706042d0_lv_node.1,1,U
563,L2_7200,-76.34421852,37.0399318,707902d0_lv_node.3,2,U
103930,L2_3600,-76.34421852,37.0399318,708054d0_lv_node.2,2,U
103576,L2_17280,-76.34421852,37.0399318,707877d0_lv_node.2,2,U
103862,L2_17280,-76.34421852,37.0399318,708045d0_lv_node.1,2,U
103695,L2_17280,-76.34421852,37.0399318,707916d0_lv_node.3,2,U
506,L2_7200,-76.34421852,37.0399318,707909d0_lv_node.3,2,U
104032,L2_17280,-76.34421852,37.0399318,707851d0_lv_node.2,2,U
799,L2_7200,-76.34421852,37.0399318,708093d0_lv_node.1,2,U
1453,L2_7200,-76.34421852,37.0399318,708093d0_lv_node.1,2,U
1457,L2_7200,-76.34421852,37.0399318,708093d0_lv_node.1,2,U
103713,L2_17280,-76.34421852,37.0399318,707905d0_lv_node.3,2,U
554,L2_7200,-76.34421852,37.0399318,707905d0_lv_node.3,2,U
857,L2_7200,-76.34421852,37.0399318,707905d0_lv_node.3,2,U
998,L2_7200,-76.34421852,37.0399318,707905d0_lv_node.3,2,U
1089,L2_7200,-76.34421852,37.0399318,707905d0_lv_node.3,2,U
104227,L2_3600,-76.34421852,37.0399318,707774d0_lv_node.3,2,U
504,L2_7200,-76.34421852,37.0399318,706182d0_lv_node.1,1,U
1424,L2_7200,-76.34421852,37.0399318,706182d0_lv_node.1,1,U
103675,L2_17280,-76.34421852,37.0399318,707480d0_lv_node.3,2,U
694,L2_7200,-76.34421852,37.0399318,708103d0_lv_node.3,2,U
103664,L2_17280,-76.34421852,37.0399318,707493d0_lv_node.2,2,U
1043,L2_7200,-76.34421852,37.0399318,707473d0_lv_node.3,2,U
1180,L2_7200,-76.34421852,37.0399318,707473d0_lv_node.3,2,U
104047,L2_17280,-76.34421852,37.0399318,708152d0_lv_node.1,2,U
356,L2_7200,-76.34421852,37.0399318,707859d0_lv_node.2,2,U
477,L2_7200,-76.34421852,37.0399318,707859d0_lv_node.2,2,U
1046,L2_7200,-76.34421852,37.0399318,707859d0_lv_node.2,2,U
103617,L2_17280,-76.34421852,37.0399318,705917d0_lv_node.3,1,U
103633,L2_17280,-76.34421852,37.0399318,702388d0_lv_node.2,1,U
104378,L2_17280,-76.34421852,37.0399318,706181d0_lv_node.1,2,U
103610,L2_17280,-76.34421852,37.0399318,707837d0_lv_node.1,2,U
103606,L2_17280,-76.34421852,37.0399318,707859d0_lv_node.2,2,U
831,L2_7200,-76.34421852,37.0399318,705976d0_lv_node.2,1,U
104257,L2_3600,-76.34421852,37.0399318,708156d0_lv_node.1,2,U
103790,L2_17280,-76.34421852,37.0399318,705976d0_lv_node.2,1,U
104015,L2_3600,-76.34421852,37.0399318,707891d0_lv_node.2,2,U
104277,L2_3600,-76.34421852,37.0399318,708060d0_lv_node.2,2,U
1356,L2_7200,-76.34421852,37.0399318,705976d0_lv_node.2,1,U
704,L2_7200,-76.34421852,37.0399318,707909d0_lv_node.3,2,U
779,L2_7200,-76.34421852,37.0399318,707909d0_lv_node.3,2,U
808,L2_7200,-76.34421852,37.0399318,707909d0_lv_node.3,2,U
935,L2_7200,-76.34421852,37.0399318,707909d0_lv_node.3,2,U
104198,L2_17280,-76.34421852,37.0399318,708054d0_lv_node.2,2,U
104079,L2_3600,-76.34421852,37.0399318,706043d0_lv_node.1,2,U
104352,L2_17280,-76.34421852,37.0399318,707536d0_lv_node.2,2,U
599,L2_7200,-76.34421852,37.0399318,707891d0_lv_node.2,2,U
621,L2_7200,-76.34421852,37.0399318,707891d0_lv_node.2,2,U
1303,L2_7200,-76.34421852,37.0399318,707891d0_lv_node.2,2,U
103579,L2_17280,-76.34421852,37.0399318,707842d0_lv_node.3,2,U
104237,L2_3600,-76.34421852,37.0399318,705990d0_lv_node.1,1,U
912,L2_7200,-76.34421852,37.0399318,707870d0_lv_node.1,2,U
966,L2_7200,-76.34421852,37.0399318,707870d0_lv_node.1,2,U
1023,L2_7200,-76.34421852,37.0399318,707870d0_lv_node.1,2,U
104053,L2_3600,-76.34421852,37.0399318,708060d0_lv_node.2,2,U
729,L2_7200,-76.34421852,37.0399318,708060d0_lv_node.2,2,U
733,L2_7200,-76.34421852,37.0399318,708060d0_lv_node.2,2,U
103974,L2_17280,-76.34421852,37.0399318,706177d0_lv_node.1,2,U
104346,L2_17280,-76.34421852,37.0399318,707840d0_lv_node.3,2,U
104122,L2_3600,-76.34421852,37.0399318,707536d0_lv_node.2,2,U
104044,L2_17280,-76.34421852,37.0399318,707826d0_lv_node.3,2,U
777,L2_7200,-76.34421852,37.0399318,707775d0_lv_node.3,2,U
879,L2_7200,-76.34421852,37.0399318,707775d0_lv_node.3,2,U
877,L2_7200,-76.34421852,37.0399318,707775d0_lv_node.3,2,U
899,L2_7200,-76.34421852,37.0399318,707775d0_lv_node.3,2,U
522,L2_7200,-76.34421852,37.0399318,708094d0_lv_node.1,2,U
732,L2_7200,-76.34421852,37.0399318,708094d0_lv_node.1,2,U
103909,L2_3600,-76.34421852,37.0399318,707900d0_lv_node.1,2,U
905,L2_7200,-76.34421852,37.0399318,705976d0_lv_node.2,1,U
103728,L2_17280,-76.34421852,37.0399318,707891d0_lv_node.2,2,U
104168,L2_17280,-76.34421852,37.0399318,707854d0_lv_node.3,2,U
524,L2_7200,-76.34421852,37.0399318,706028d0_lv_node.1,1,U
669,L2_7200,-76.34421852,37.0399318,706028d0_lv_node.1,1,U
215,L2_7200,-76.34421852,37.0399318,707901d0_lv_node.3,2,U
752,L2_7200,-76.34421852,37.0399318,707901d0_lv_node.3,2,U
927,L2_7200,-76.34421852,37.0399318,707789d0_lv_node.2,2,U
1327,L2_7200,-76.34421852,37.0399318,707789d0_lv_node.2,2,U
103661,L2_17280,-76.34421852,37.0399318,707881d0_lv_node.3,2,U
103784,L2_3600,-76.34421852,37.0399318,707919d0_lv_node.3,2,U
970,L2_7200,-76.34421852,37.0399318,707908d0_lv_node.3,2,U
104371,L2_3600,-76.34421852,37.0399318,707859d0_lv_node.2,2,U
103649,L2_17280,-76.34421852,37.0399318,707916d0_lv_node.3,2,U
104239,L2_3600,-76.34421852,37.0399318,706189d0_lv_node.3,1,U
104338,L2_3600,-76.34421852,37.0399318,708023d0_lv_node.3,2,U
104343,L2_17280,-76.34421852,37.0399318,707921d0_lv_node.3,2,U
104191,L2_17280,-76.34421852,37.0399318,707900d0_lv_node.1,2,U
104329,L2_3600,-76.34421852,37.0399318,707908d0_lv_node.3,2,U
819,L2_7200,-76.34421852,37.0399318,707851d0_lv_node.2,2,U
950,L2_7200,-76.34421852,37.0399318,707851d0_lv_node.2,2,U
103853,L2_17280,-76.34421852,37.0399318,705917d0_lv_node.3,1,U
104187,L2_17280,-76.34421852,37.0399318,707840d0_lv_node.3,2,U
104040,L2_17280,-76.34421852,37.0399318,708162d0_lv_node.1,3,U
104289,L2_3600,-76.34421852,37.0399318,708023d0_lv_node.3,2,U
104197,L2_17280,-76.34421852,37.0399318,707503d0_lv_node.1,2,U
301,L2_7200,-76.34421852,37.0399318,706043d0_lv_node.1,2,U
897,L2_7200,-76.34421852,37.0399318,706043d0_lv_node.1,2,U
104381,L2_3600,-76.34421852,37.0399318,708029d0_lv_node.3,2,U
103842,L2_17280,-76.34421852,37.0399318,708101d0_lv_node.3,2,U
639,L2_7200,-76.34421852,37.0399318,707775d0_lv_node.3,2,U
641,L2_7200,-76.34421852,37.0399318,707775d0_lv_node.3,2,U
932,L2_7200,-76.34421852,37.0399318,707935d0_lv_node.3,2,U
103566,L2_17280,-76.34421852,37.0399318,707775d0_lv_node.3,2,U
104345,L2_3600,-76.34421852,37.0399318,707809d0_lv_node.3,2,U
103671,L2_17280,-76.34421852,37.0399318,706042d0_lv_node.1,1,U
516,L2_7200,-76.34421852,37.0399318,707881d0_lv_node.3,2,U
725,L2_7200,-76.34421852,37.0399318,707881d0_lv_node.3,2,U
1168,L2_7200,-76.34421852,37.0399318,707881d0_lv_node.3,2,U
702,L2_7200,-76.34421852,37.0399318,705999d0_lv_node.2,1,U
838,L2_7200,-76.34421852,37.0399318,705999d0_lv_node.2,1,U
104140,L2_17280,-76.34421852,37.0399318,708104d0_lv_node.3,2,U
104208,L2_17280,-76.34421852,37.0399318,708054d0_lv_node.2,2,U
103670,L2_17280,-76.34421852,37.0399318,706028d0_lv_node.1,1,U
287,L2_7200,-76.34421852,37.0399318,708159d0_lv_node.3,3,U
503,L2_7200,-76.34421852,37.0399318,708159d0_lv_node.3,3,U
607,L2_7200,-76.34421852,37.0399318,708159d0_lv_node.3,3,U
721,L2_7200,-76.34421852,37.0399318,708159d0_lv_node.3,3,U
1110,L2_7200,-76.34421852,37.0399318,708159d0_lv_node.3,3,U
103552,L2_3600,-76.34421852,37.0399318,706188d0_lv_node.1,1,U
104105,L2_3600,-76.34421852,37.0399318,708162d0_lv_node.1,3,U
104073,L2_17280,-76.34421852,37.0399318,708148d0_lv_node.3,2,U
103589,L2_17280,-76.34421852,37.0399318,708154d0_lv_node.1,3,U
103680,L2_3600,-76.34421852,37.0399318,706042d0_lv_node.1,1,U
767,L2_7200,-76.34421852,37.0399318,707935d0_lv_node.3,2,U
104242,L2_3600,-76.34421852,37.0399318,705917d0_lv_node.3,1,U
514,L2_7200,-76.34421852,37.0399318,708039d0_lv_node.1,2,U
103754,L2_3600,-76.34421852,37.0399318,707859d0_lv_node.2,2,U
103608,L2_17280,-76.34421852,37.0399318,707908d0_lv_node.3,2,U
103604,L2_17280,-76.34421852,37.0399318,708148d0_lv_node.3,2,U
273,L2_7200,-76.34421852,37.0399318,707903d0_lv_node.3,2,U
652,L2_7200,-76.34421852,37.0399318,707903d0_lv_node.3,2,U
1084,L2_7200,-76.34421852,37.0399318,707903d0_lv_node.3,2,U
21,L2_7200,-76.34421852,37.0399318,708184d0_lv_node.3,3,U
1227,L2_7200,-76.34421852,37.0399318,708184d0_lv_node.3,3,U
1366,L2_7200,-76.34421852,37.0399318,708184d0_lv_node.3,3,U
691,L2_7200,-76.34421852,37.0399318,706188d0_lv_node.1,1,U
757,L2_7200,-76.34421852,37.0399318,706188d0_lv_node.1,1,U
1151,L2_7200,-76.34421852,37.0399318,706188d0_lv_node.1,1,U
104323,L2_17280,-76.34421852,37.0399318,707854d0_lv_node.3,2,U
103989,L2_3600,-76.34421852,37.0399318,708030d0_lv_node.3,2,U
104115,L2_17280,-76.34421852,37.0399318,705889d0_lv_node.3,1,U
104102,L2_17280,-76.34421852,37.0399318,707480d0_lv_node.3,2,U
104283,L2_3600,-76.34421852,37.0399318,707905d0_lv_node.3,2,U
103541,L2_17280,-76.34421852,37.0399318,708184d0_lv_node.3,3,U
464,L2_7200,-76.34421852,37.0399318,707908d0_lv_node.3,2,U
478,L2_7200,-76.34421852,37.0399318,707908d0_lv_node.3,2,U
104123,L2_3600,-76.34421852,37.0399318,707902d0_lv_node.3,2,U
103987,L2_17280,-76.34421852,37.0399318,708104d0_lv_node.3,2,U
104141,L2_17280,-76.34421852,37.0399318,707503d0_lv_node.1,2,U
103607,L2_17280,-76.34421852,37.0399318,706042d0_lv_node.1,1,U
104026,L2_3600,-76.34421852,37.0399318,708154d0_lv_node.1,3,U
103848,L2_17280,-76.34421852,37.0399318,707909d0_lv_node.3,2,U
104288,L2_3600,-76.34421852,37.0399318,708023d0_lv_node.3,2,U
103873,L2_3600,-76.34421852,37.0399318,707890d0_lv_node.2,2,U
1164,L2_7200,-76.34421852,37.0399318,706189d0_lv_node.3,1,U
1163,L2_7200,-76.34421852,37.0399318,706189d0_lv_node.3,1,U
104188,L2_17280,-76.34421852,37.0399318,707835d0_lv_node.1,2,U
863,L2_7200,-76.34421852,37.0399318,707876d0_lv_node.2,2,U
103612,L2_17280,-76.34421852,37.0399318,707909d0_lv_node.3,2,U
103575,L2_17280,-76.34421852,37.0399318,707867d0_lv_node.2,2,U
553,L2_7200,-76.34421852,37.0399318,707789d0_lv_node.2,2,U
805,L2_7200,-76.34421852,37.0399318,707789d0_lv_node.2,2,U
891,L2_7200,-76.34421852,37.0399318,707789d0_lv_node.2,2,U
104284,L2_3600,-76.34421852,37.0399318,706043d0_lv_node.1,2,U
104067,L2_17280,-76.34421852,37.0399318,708184d0_lv_node.3,3,U
103697,L2_17280,-76.34421852,37.0399318,708177d0_lv_node.1,2,U
104182,L2_17280,-76.34421852,37.0399318,706177d0_lv_node.1,2,U
104386,L2_3600,-76.34421852,37.0399318,707867d0_lv_node.2,2,U
103944,L2_17280,-76.34421852,37.0399318,707809d0_lv_node.3,2,U
104090,L2_17280,-76.34421852,37.0399318,708027d0_lv_node.1,2,U
103992,L2_17280,-76.34421852,37.0399318,707920d0_lv_node.3,2,U
939,L2_7200,-76.34421852,37.0399318,707840d0_lv_node.3,2,U
930,L2_7200,-76.34421852,37.0399318,707840d0_lv_node.3,2,U
1111,L2_7200,-76.34421852,37.0399318,707840d0_lv_node.3,2,U
1134,L2_7200,-76.34421852,37.0399318,707840d0_lv_node.3,2,U
1137,L2_7200,-76.34421852,37.0399318,707840d0_lv_node.3,2,U
789,L2_7200,-76.34421852,37.0399318,707909d0_lv_node.3,2,U
104391,L2_3600,-76.34421852,37.0399318,707908d0_lv_node.3,2,U
103630,L2_3600,-76.34421852,37.0399318,708101d0_lv_node.3,2,U
104327,L2_3600,-76.34421852,37.0399318,707826d0_lv_node.3,2,U
104083,L2_3600,-76.34421852,37.0399318,708023d0_lv_node.3,2,U
103960,L2_17280,-76.34421852,37.0399318,707905d0_lv_node.3,2,U
104144,L2_17280,-76.34421852,37.0399318,706182d0_lv_node.1,1,U
104333,L2_3600,-76.34421852,37.0399318,707466d0_lv_node.3,2,U
1179,L2_7200,-76.34421852,37.0399318,707840d0_lv_node.3,2,U
1326,L2_7200,-76.34421852,37.0399318,707840d0_lv_node.3,2,U
104303,L2_3600,-76.34421852,37.0399318,707908d0_lv_node.3,2,U
832,L2_7200,-76.34421852,37.0399318,707908d0_lv_node.3,2,U
104225,L2_17280,-76.34421852,37.0399318,707905d0_lv_node.3,2,U
104101,L2_3600,-76.34421852,37.0399318,707774d0_lv_node.3,2,U
104331,L2_17280,-76.34421852,37.0399318,708045d0_lv_node.1,2,U
103919,L2_17280,-76.34421852,37.0399318,707845d0_lv_node.1,2,U
104372,L2_3600,-76.34421852,37.0399318,706178d0_lv_node.1,2,U
103667,L2_17280,-76.34421852,37.0399318,708152d0_lv_node.1,2,U
103584,L2_17280,-76.34421852,37.0399318,707479d0_lv_node.2,2,U
103792,L2_17280,-76.34421852,37.0399318,707935d0_lv_node.3,2,U
61,L2_7200,-76.34421852,37.0399318,707900d0_lv_node.1,2,U
173,L2_7200,-76.34421852,37.0399318,707900d0_lv_node.1,2,U
1273,L2_7200,-76.34421852,37.0399318,707900d0_lv_node.1,2,U
1276,L2_7200,-76.34421852,37.0399318,707900d0_lv_node.1,2,U
1272,L2_7200,-76.34421852,37.0399318,707900d0_lv_node.1,2,U
1278,L2_7200,-76.34421852,37.0399318,707900d0_lv_node.1,2,U
336,L2_7200,-76.34421852,37.0399318,706165d0_lv_node.2,1,U
560,L2_7200,-76.34421852,37.0399318,706165d0_lv_node.2,1,U
628,L2_7200,-76.34421852,37.0399318,706165d0_lv_node.2,1,U
708,L2_7200,-76.34421852,37.0399318,706165d0_lv_node.2,1,U
710,L2_7200,-76.34421852,37.0399318,706165d0_lv_node.2,1,U
728,L2_7200,-76.34421852,37.0399318,706165d0_lv_node.2,1,U
845,L2_7200,-76.34421852,37.0399318,706165d0_lv_node.2,1,U
104335,L2_17280,-76.34421852,37.0399318,707920d0_lv_node.3,2,U
104246,L2_3600,-76.34421852,37.0399318,707789d0_lv_node.2,2,U
103546,L2_17280,-76.34421852,37.0399318,706013d0_lv_node.2,1,U
81,L2_7200,-76.34421852,37.0399318,708152d0_lv_node.1,2,U
1423,L2_7200,-76.34421852,37.0399318,708054d0_lv_node.2,2,U
103988,L2_17280,-76.34421852,37.0399318,707756d0_lv_node.2,2,U
754,L2_7200,-76.34421852,37.0399318,707847d0_lv_node.3,2,U
852,L2_7200,-76.34421852,37.0399318,707847d0_lv_node.3,2,U
183,L2_7200,-76.34421852,37.0399318,707890d0_lv_node.2,2,U
103995,L2_17280,-76.34421852,37.0399318,707913d0_lv_node.1,2,U
103921,L2_17280,-76.34421852,37.0399318,708053d0_lv_node.2,2,U
104112,L2_17280,-76.34421852,37.0399318,707774d0_lv_node.3,2,U
104019,L2_17280,-76.34421852,37.0399318,708179d0_lv_node.2,2,U
103887,L2_17280,-76.34421852,37.0399318,707908d0_lv_node.3,2,U
104009,L2_3600,-76.34421852,37.0399318,706192d0_lv_node.3,1,U
103978,L2_17280,-76.34421852,37.0399318,706188d0_lv_node.1,1,U
1039,L2_7200,-76.34421852,37.0399318,707908d0_lv_node.3,2,U
948,L2_7200,-76.34421852,37.0399318,702388d0_lv_node.2,1,U
947,L2_7200,-76.34421852,37.0399318,702388d0_lv_node.2,1,U
703,L2_7200,-76.34421852,37.0399318,707815d0_lv_node.3,2,U
1005,L2_7200,-76.34421852,37.0399318,707815d0_lv_node.3,2,U
839,L2_7200,-76.34421852,37.0399318,708154d0_lv_node.1,3,U
103722,L2_17280,-76.34421852,37.0399318,708093d0_lv_node.1,2,U
274,L2_7200,-76.34421852,37.0399318,707536d0_lv_node.2,2,U
1197,L2_7200,-76.34421852,37.0399318,707536d0_lv_node.2,2,U
1209,L2_7200,-76.34421852,37.0399318,707536d0_lv_node.2,2,U
1187,L2_7200,-76.34421852,37.0399318,707536d0_lv_node.2,2,U
1201,L2_7200,-76.34421852,37.0399318,707536d0_lv_node.2,2,U
103879,L2_17280,-76.34421852,37.0399318,708094d0_lv_node.1,2,U
366,L2_7200,-76.34421852,37.0399318,706003d0_lv_node.2,1,U
264,L2_7200,-76.34421852,37.0399318,707881d0_lv_node.3,2,U
719,L2_7200,-76.34421852,37.0399318,707900d0_lv_node.1,2,U
103789,L2_17280,-76.34421852,37.0399318,707891d0_lv_node.2,2,U
103981,L2_3600,-76.34421852,37.0399318,708027d0_lv_node.1,2,U
898,L2_7200,-76.34421852,37.0399318,707891d0_lv_node.2,2,U
104125,L2_17280,-76.34421852,37.0399318,707900d0_lv_node.1,2,U
242,L2_7200,-76.34421852,37.0399318,707775d0_lv_node.3,2,U
1073,L2_7200,-76.34421852,37.0399318,707775d0_lv_node.3,2,U
1068,L2_7200,-76.34421852,37.0399318,707775d0_lv_node.3,2,U
1221,L2_7200,-76.34421852,37.0399318,707775d0_lv_node.3,2,U
103928,L2_17280,-76.34421852,37.0399318,706043d0_lv_node.1,2,U
103600,L2_17280,-76.34421852,37.0399318,708101d0_lv_node.3,2,U
104177,L2_17280,-76.34421852,37.0399318,707870d0_lv_node.1,2,U
104002,L2_17280,-76.34421852,37.0399318,707902d0_lv_node.3,2,U
104318,L2_3600,-76.34421852,37.0399318,707825d0_lv_node.1,2,U
104107,L2_3600,-76.34421852,37.0399318,707909d0_lv_node.3,2,U
104332,L2_3600,-76.34421852,37.0399318,707870d0_lv_node.1,2,U
103904,L2_17280,-76.34421852,37.0399318,706182d0_lv_node.1,1,U
103674,L2_17280,-76.34421852,37.0399318,706017d0_lv_node.2,2,U
890,L2_7200,-76.34421852,37.0399318,708027d0_lv_node.1,2,U
1253,L2_7200,-76.34421852,37.0399318,708027d0_lv_node.1,2,U
1304,L2_7200,-76.34421852,37.0399318,708027d0_lv_node.1,2,U
104166,L2_17280,-76.34421852,37.0399318,708152d0_lv_node.1,2,U
279,L2_7200,-76.34421852,37.0399318,707902d0_lv_node.3,2,U
335,L2_7200,-76.34421852,37.0399318,707902d0_lv_node.3,2,U
922,L2_7200,-76.34421852,37.0399318,707902d0_lv_node.3,2,U
103663,L2_17280,-76.34421852,37.0399318,707877d0_lv_node.2,2,U
104030,L2_3600,-76.34421852,37.0399318,707479d0_lv_node.2,2,U
104388,L2_17280,-76.34421852,37.0399318,706186d0_lv_node.1,2,U
886,L2_7200,-76.34421852,37.0399318,707921d0_lv_node.3,2,U
1486,L2_7200,-76.34421852,37.0399318,707921d0_lv_node.3,2,U
103942,L2_3600,-76.34421852,37.0399318,707978d0_lv_node.3,2,U
103553,L2_17280,-76.34421852,37.0399318,707900d0_lv_node.1,2,U
103583,L2_3600,-76.34421852,37.0399318,707835d0_lv_node.1,2,U
104180,L2_17280,-76.34421852,37.0399318,707818d0_lv_node.3,2,U
104272,L2_3600,-76.34421852,37.0399318,707774d0_lv_node.3,2,U
311,L2_7200,-76.34421852,37.0399318,706042d0_lv_node.1,1,U
332,L2_7200,-76.34421852,37.0399318,706042d0_lv_node.1,1,U
737,L2_7200,-76.34421852,37.0399318,706042d0_lv_node.1,1,U
726,L2_7200,-76.34421852,37.0399318,706042d0_lv_node.1,1,U
778,L2_7200,-76.34421852,37.0399318,706042d0_lv_node.1,1,U
103614,L2_17280,-76.34421852,37.0399318,2122704d0_lv_node.1,1,U
104370,L2_3600,-76.34421852,37.0399318,707837d0_lv_node.1,2,U
104255,L2_17280,-76.34421852,37.0399318,707908d0_lv_node.3,2,U
104111,L2_17280,-76.34421852,37.0399318,707881d0_lv_node.3,2,U
103780,L2_3600,-76.34421852,37.0399318,706049d0_lv_node.3,2,U
104142,L2_17280,-76.34421852,37.0399318,707903d0_lv_node.3,2,U
104077,L2_17280,-76.34421852,37.0399318,707854d0_lv_node.3,2,U
103708,L2_17280,-76.34421852,37.0399318,708060d0_lv_node.2,2,U
104224,L2_3600,-76.34421852,37.0399318,707909d0_lv_node.3,2,U
103693,L2_3600,-76.34421852,37.0399318,707478d0_lv_node.3,2,U
987,L2_7200,-76.34421852,37.0399318,707804d0_lv_node.3,2,U
473,L2_7200,-76.34421852,37.0399318,708027d0_lv_node.1,2,U
447,L2_7200,-76.34421852,37.0399318,708027d0_lv_node.1,2,U
104380,L2_17280,-76.34421852,37.0399318,707762d0_lv_node.2,2,U
344,L2_7200,-76.34421852,37.0399318,708093d0_lv_node.1,2,U
375,L2_7200,-76.34421852,37.0399318,708093d0_lv_node.1,2,U
244,L2_7200,-76.34421852,37.0399318,708148d0_lv_node.3,2,U
480,L2_7200,-76.34421852,37.0399318,708148d0_lv_node.3,2,U
933,L2_7200,-76.34421852,37.0399318,708148d0_lv_node.3,2,U
1015,L2_7200,-76.34421852,37.0399318,708148d0_lv_node.3,2,U
1254,L2_7200,-76.34421852,37.0399318,708148d0_lv_node.3,2,U
1368,L2_7200,-76.34421852,37.0399318,708148d0_lv_node.3,2,U
103540,L2_17280,-76.34421852,37.0399318,707775d0_lv_node.3,2,U
104068,L2_17280,-76.34421852,37.0399318,708184d0_lv_node.3,3,U
104012,L2_3600,-76.34421852,37.0399318,707900d0_lv_node.1,2,U
104306,L2_17280,-76.34421852,37.0399318,707891d0_lv_node.2,2,U
103660,L2_3600,-76.34421852,37.0399318,708054d0_lv_node.2,2,U
104279,L2_3600,-76.34421852,37.0399318,708045d0_lv_node.1,2,U
103672,L2_17280,-76.34421852,37.0399318,707901d0_lv_node.3,2,U
707,L2_7200,-76.34421852,37.0399318,708039d0_lv_node.1,2,U
784,L2_7200,-76.34421852,37.0399318,708039d0_lv_node.1,2,U
1198,L2_7200,-76.34421852,37.0399318,708039d0_lv_node.1,2,U
1178,L2_7200,-76.34421852,37.0399318,708039d0_lv_node.1,2,U
1208,L2_7200,-76.34421852,37.0399318,708039d0_lv_node.1,2,U
1182,L2_7200,-76.34421852,37.0399318,708039d0_lv_node.1,2,U
103563,L2_17280,-76.34421852,37.0399318,707762d0_lv_node.2,2,U
104118,L2_17280,-76.34421852,37.0399318,706035d0_lv_node.3,1,U
271,L2_7200,-76.34421852,37.0399318,707978d0_lv_node.3,2,U
578,L2_7200,-76.34421852,37.0399318,707978d0_lv_node.3,2,U
1492,L2_7200,-76.34421852,37.0399318,707978d0_lv_node.3,2,U
104129,L2_17280,-76.34421852,37.0399318,707908d0_lv_node.3,2,U
104359,L2_3600,-76.34421852,37.0399318,707842d0_lv_node.3,2,U
103976,L2_17280,-76.34421852,37.0399318,707901d0_lv_node.3,2,U
627,L2_7200,-76.34421852,37.0399318,708184d0_lv_node.3,3,U
103720,L2_17280,-76.34421852,37.0399318,707909d0_lv_node.3,2,U
648,L2_7200,-76.34421852,37.0399318,707916d0_lv_node.3,2,U
794,L2_7200,-76.34421852,37.0399318,707916d0_lv_node.3,2,U
1246,L2_7200,-76.34421852,37.0399318,707916d0_lv_node.3,2,U
103871,L2_3600,-76.34421852,37.0399318,707503d0_lv_node.1,2,U
103831,L2_17280,-76.34421852,37.0399318,702388d0_lv_node.2,1,U
104086,L2_17280,-76.34421852,37.0399318,707805d0_lv_node.2,2,U
104183,L2_17280,-76.34421852,37.0399318,707882d0_lv_node.1,2,U
104282,L2_3600,-76.34421852,37.0399318,707479d0_lv_node.2,2,U
651,L2_7200,-76.34421852,37.0399318,708162d0_lv_node.1,3,U
1016,L2_7200,-76.34421852,37.0399318,708162d0_lv_node.1,3,U
103727,L2_3600,-76.34421852,37.0399318,706191d0_lv_node.3,2,U
104358,L2_3600,-76.34421852,37.0399318,707870d0_lv_node.1,2,U
103961,L2_17280,-76.34421852,37.0399318,706178d0_lv_node.1,2,U
1290,L2_7200,-76.34421852,37.0399318,706013d0_lv_node.2,1,U
103623,L2_17280,-76.34421852,37.0399318,706013d0_lv_node.2,1,U
104196,L2_3600,-76.34421852,37.0399318,707881d0_lv_node.3,2,U
84,L2_7200,-76.34421852,37.0399318,708039d0_lv_node.1,2,U
213,L2_7200,-76.34421852,37.0399318,708039d0_lv_node.1,2,U
104165,L2_17280,-76.34421852,37.0399318,707754d0_lv_node.2,2,U
104151,L2_17280,-76.34421852,37.0399318,708104d0_lv_node.3,2,U
104309,L2_17280,-76.34421852,37.0399318,708154d0_lv_node.1,3,U
674,L2_7200,-76.34421852,37.0399318,707908d0_lv_node.3,2,U
680,L2_7200,-76.34421852,37.0399318,707908d0_lv_node.3,2,U
1003,L2_7200,-76.34421852,37.0399318,707908d0_lv_node.3,2,U
104232,L2_3600,-76.34421852,37.0399318,707815d0_lv_node.3,2,U
103761,L2_17280,-76.34421852,37.0399318,707493d0_lv_node.2,2,U
103658,L2_17280,-76.34421852,37.0399318,706186d0_lv_node.1,2,U
1054,L2_7200,-76.34421852,37.0399318,1913217d0_lv_node.2,1,U
1081,L2_7200,-76.34421852,37.0399318,1913217d0_lv_node.2,1,U
1275,L2_7200,-76.34421852,37.0399318,1913217d0_lv_node.2,1,U
1451,L2_7200,-76.34421852,37.0399318,1913217d0_lv_node.2,1,U
1442,L2_7200,-76.34421852,37.0399318,1913217d0_lv_node.2,1,U
103615,L2_17280,-76.34421852,37.0399318,1913217d0_lv_node.2,1,U
331,L2_7200,-76.34421852,37.0399318,707877d0_lv_node.2,2,U
103681,L2_17280,-76.34421852,37.0399318,706193d0_lv_node.2,2,U
103632,L2_17280,-76.34421852,37.0399318,706181d0_lv_node.1,2,U
1096,L2_7200,-76.34421852,37.0399318,708177d0_lv_node.1,2,U
1121,L2_7200,-76.34421852,37.0399318,708177d0_lv_node.1,2,U
1318,L2_7200,-76.34421852,37.0399318,708177d0_lv_node.1,2,U
640,L2_7200,-76.34421852,37.0399318,705964d0_lv_node.2,1,U
103588,L2_17280,-76.34421852,37.0399318,707835d0_lv_node.1,2,U
103916,L2_17280,-76.34421852,37.0399318,708103d0_lv_node.3,2,U
104042,L2_3600,-76.34421852,37.0399318,708054d0_lv_node.2,2,U
103595,L2_17280,-76.34421852,37.0399318,707903d0_lv_node.3,2,U
104234,L2_17280,-76.34421852,37.0399318,708094d0_lv_node.1,2,U
1056,L2_7200,-76.34421852,37.0399318,707816d0_lv_node.3,2,U
1123,L2_7200,-76.34421852,37.0399318,707816d0_lv_node.3,2,U
1379,L2_7200,-76.34421852,37.0399318,708093d0_lv_node.1,2,U
1070,L2_7200,-76.34421852,37.0399318,708177d0_lv_node.1,2,U
1067,L2_7200,-76.34421852,37.0399318,708177d0_lv_node.1,2,U
1189,L2_7200,-76.34421852,37.0399318,708177d0_lv_node.1,2,U
104194,L2_3600,-76.34421852,37.0399318,708184d0_lv_node.3,3,U
103813,L2_17280,-76.34421852,37.0399318,707775d0_lv_node.3,2,U
571,L2_7200,-76.34421852,37.0399318,705990d0_lv_node.1,1,U
920,L2_7200,-76.34421852,37.0399318,705990d0_lv_node.1,1,U
104214,L2_3600,-76.34421852,37.0399318,707826d0_lv_node.3,2,U
104285,L2_17280,-76.34421852,37.0399318,707891d0_lv_node.2,2,U
104340,L2_17280,-76.34421852,37.0399318,708045d0_lv_node.1,2,U
104262,L2_17280,-76.34421852,37.0399318,706197d0_lv_node.3,2,U
103572,L2_17280,-76.34421852,37.0399318,707900d0_lv_node.1,2,U
103557,L2_17280,-76.34421852,37.0399318,708039d0_lv_node.1,2,U
104322,L2_17280,-76.34421852,37.0399318,708184d0_lv_node.3,3,U
104307,L2_17280,-76.34421852,37.0399318,707473d0_lv_node.3,2,U
1205,L2_7200,-76.34421852,37.0399318,707919d0_lv_node.3,2,U
103619,L2_17280,-76.34421852,37.0399318,706182d0_lv_node.1,1,U
374,L2_7200,-76.34421852,37.0399318,708039d0_lv_node.1,2,U
505,L2_7200,-76.34421852,37.0399318,708039d0_lv_node.1,2,U
103698,L2_17280,-76.34421852,37.0399318,706193d0_lv_node.2,2,U
104383,L2_3600,-76.34421852,37.0399318,706049d0_lv_node.3,2,U
448,L2_7200,-76.34421852,37.0399318,708184d0_lv_node.3,3,U
103948,L2_3600,-76.34421852,37.0399318,707908d0_lv_node.3,2,U
104313,L2_17280,-76.34421852,37.0399318,707835d0_lv_node.1,2,U
1293,L2_7200,-76.34421852,37.0399318,705843d0_lv_node.2,1,U
1307,L2_7200,-76.34421852,37.0399318,708054d0_lv_node.2,2,U
104356,L2_3600,-76.34421852,37.0399318,706192d0_lv_node.3,1,U
103666,L2_3600,-76.34421852,37.0399318,708023d0_lv_node.3,2,U
341,L2_7200,-76.34421852,37.0399318,706191d0_lv_node.3,2,U
349,L2_7200,-76.34421852,37.0399318,706191d0_lv_node.3,2,U
816,L2_7200,-76.34421852,37.0399318,706191d0_lv_node.3,2,U
104278,L2_3600,-76.34421852,37.0399318,705885d0_lv_node.3,1,U
755,L2_7200,-76.34421852,37.0399318,707908d0_lv_node.3,2,U
1194,L2_7200,-76.34421852,37.0399318,707908d0_lv_node.3,2,U
1256,L2_7200,-76.34421852,37.0399318,707908d0_lv_node.3,2,U
314,L2_7200,-76.34421852,37.0399318,706188d0_lv_node.1,1,U
1199,L2_7200,-76.34421852,37.0399318,706188d0_lv_node.1,1,U
104216,L2_17280,-76.34421852,37.0399318,707479d0_lv_node.2,2,U
558,L2_7200,-76.34421852,37.0399318,708053d0_lv_node.2,2,U
561,L2_7200,-76.34421852,37.0399318,708053d0_lv_node.2,2,U
1409,L2_7200,-76.34421852,37.0399318,708053d0_lv_node.2,2,U
104281,L2_17280,-76.34421852,37.0399318,706182d0_lv_node.1,1,U
104247,L2_17280,-76.34421852,37.0399318,708152d0_lv_node.1,2,U
103641,L2_17280,-76.34421852,37.0399318,707905d0_lv_node.3,2,U
103832,L2_17280,-76.34421852,37.0399318,706043d0_lv_node.1,2,U
104290,L2_3600,-76.34421852,37.0399318,706043d0_lv_node.1,2,U
1029,L2_7200,-76.34421852,37.0399318,707847d0_lv_node.3,2,U
103809,L2_17280,-76.34421852,37.0399318,706197d0_lv_node.3,2,U
104000,L2_17280,-76.34421852,37.0399318,707484d0_lv_node.2,2,U
1446,L2_7200,-76.34421852,37.0399318,707876d0_lv_node.2,2,U
1463,L2_7200,-76.34421852,37.0399318,707876d0_lv_node.2,2,U
1462,L2_7200,-76.34421852,37.0399318,707876d0_lv_node.2,2,U
1450,L2_7200,-76.34421852,37.0399318,707876d0_lv_node.2,2,U
1331,L2_7200,-76.34421852,37.0399318,708148d0_lv_node.3,2,U
103636,L2_17280,-76.34421852,37.0399318,707903d0_lv_node.3,2,U
994,L2_7200,-76.34421852,37.0399318,707835d0_lv_node.1,2,U
999,L2_7200,-76.34421852,37.0399318,707835d0_lv_node.1,2,U
104320,L2_3600,-76.34421852,37.0399318,706043d0_lv_node.1,2,U
104304,L2_17280,-76.34421852,37.0399318,707908d0_lv_node.3,2,U
512,L2_7200,-76.34421852,37.0399318,707851d0_lv_node.2,2,U
104218,L2_17280,-76.34421852,37.0399318,707859d0_lv_node.2,2,U
104088,L2_17280,-76.34421852,37.0399318,707935d0_lv_node.3,2,U
103747,L2_3600,-76.34421852,37.0399318,707503d0_lv_node.1,2,U
591,L2_7200,-76.34421852,37.0399318,707909d0_lv_node.3,2,U
104334,L2_3600,-76.34421852,37.0399318,707478d0_lv_node.3,2,U
570,L2_7200,-76.34421852,37.0399318,708179d0_lv_node.2,2,U
573,L2_7200,-76.34421852,37.0399318,708179d0_lv_node.2,2,U
104314,L2_3600,-76.34421852,37.0399318,706034d0_lv_node.3,1,U
104017,L2_17280,-76.34421852,37.0399318,706043d0_lv_node.1,2,U
104110,L2_3600,-76.34421852,37.0399318,706188d0_lv_node.1,1,U
103657,L2_17280,-76.34421852,37.0399318,707908d0_lv_node.3,2,U
103544,L2_17280,-76.34421852,37.0399318,707903d0_lv_node.3,2,U
104070,L2_17280,-76.34421852,37.0399318,706188d0_lv_node.1,1,U
103646,L2_3600,-76.34421852,37.0399318,708104d0_lv_node.3,2,U
104390,L2_3600,-76.34421852,37.0399318,708179d0_lv_node.2,2,U
104259,L2_3600,-76.34421852,37.0399318,707909d0_lv_node.3,2,U
104324,L2_3600,-76.34421852,37.0399318,707909d0_lv_node.3,2,U
272,L2_7200,-76.34421852,37.0399318,707824d0_lv_node.1,2,U
407,L2_7200,-76.34421852,37.0399318,707824d0_lv_node.1,2,U
513,L2_7200,-76.34421852,37.0399318,708154d0_lv_node.1,3,U
906,L2_7200,-76.34421852,37.0399318,708154d0_lv_node.1,3,U
103637,L2_17280,-76.34421852,37.0399318,707905d0_lv_node.3,2,U
104087,L2_3600,-76.34421852,37.0399318,707484d0_lv_node.2,2,U
104308,L2_3600,-76.34421852,37.0399318,707804d0_lv_node.3,2,U
104173,L2_17280,-76.34421852,37.0399318,708060d0_lv_node.2,2,U
104205,L2_17280,-76.34421852,37.0399318,708030d0_lv_node.3,2,U
103578,L2_17280,-76.34421852,37.0399318,706013d0_lv_node.2,1,U
103635,L2_17280,-76.34421852,37.0399318,707820d0_lv_node.3,2,U
104233,L2_17280,-76.34421852,37.0399318,707484d0_lv_node.2,2,U
324,L2_7200,-76.34421852,37.0399318,706188d0_lv_node.1,1,U
103884,L2_17280,-76.34421852,37.0399318,706186d0_lv_node.1,2,U
104049,L2_17280,-76.34421852,37.0399318,707921d0_lv_node.3,2,U
103679,L2_17280,-76.34421852,37.0399318,708148d0_lv_node.3,2,U
557,L2_7200,-76.34421852,37.0399318,708023d0_lv_node.3,2,U
468,L2_7200,-76.34421852,37.0399318,707903d0_lv_node.3,2,U
871,L2_7200,-76.34421852,37.0399318,707903d0_lv_node.3,2,U
103582,L2_17280,-76.34421852,37.0399318,708184d0_lv_node.3,3,U
103559,L2_17280,-76.34421852,37.0399318,708054d0_lv_node.2,2,U
103826,L2_17280,-76.34421852,37.0399318,707835d0_lv_node.1,2,U
104328,L2_3600,-76.34421852,37.0399318,707909d0_lv_node.3,2,U
103849,L2_17280,-76.34421852,37.0399318,707913d0_lv_node.1,2,U
103846,L2_17280,-76.34421852,37.0399318,707880d0_lv_node.1,2,U
104132,L2_17280,-76.34421852,37.0399318,707891d0_lv_node.2,2,U
501,L2_7200,-76.34421852,37.0399318,707536d0_lv_node.2,2,U
1149,L2_7200,-76.34421852,37.0399318,707536d0_lv_node.2,2,U
103711,L2_3600,-76.34421852,37.0399318,707536d0_lv_node.2,2,U
104286,L2_3600,-76.34421852,37.0399318,707762d0_lv_node.2,2,U
103685,L2_17280,-76.34421852,37.0399318,708093d0_lv_node.1,2,U
104362,L2_3600,-76.34421852,37.0399318,707847d0_lv_node.3,2,U
103886,L2_17280,-76.34421852,37.0399318,707854d0_lv_node.3,2,U
103766,L2_3600,-76.34421852,37.0399318,706178d0_lv_node.1,2,U
104376,L2_3600,-76.34421852,37.0399318,708154d0_lv_node.1,3,U
103564,L2_17280,-76.34421852,37.0399318,708054d0_lv_node.2,2,U
103555,L2_17280,-76.34421852,37.0399318,707835d0_lv_node.1,2,U
103803,L2_17280,-76.34421852,37.0399318,708184d0_lv_node.3,3,U
103876,L2_17280,-76.34421852,37.0399318,705952d0_lv_node.1,1,U
103837,L2_17280,-76.34421852,37.0399318,706013d0_lv_node.2,1,U
104264,L2_3600,-76.34421852,37.0399318,707890d0_lv_node.2,2,U
556,L2_7200,-76.34421852,37.0399318,707826d0_lv_node.3,2,U
941,L2_7200,-76.34421852,37.0399318,707826d0_lv_node.3,2,U
105882,L2_17280,-76.34421852,37.0399318,709385d0_lv_node.1,2,U
106901,L2_17280,-76.34421852,37.0399318,1824045d0_lv_node.1,3,U
107010,L2_3600,-76.34421852,37.0399318,709250d0_lv_node.1,2,U
11,L2_7200,-76.34421852,37.0399318,709910d0_lv_node.3,3,U
57,L2_7200,-76.34421852,37.0399318,709910d0_lv_node.3,3,U
488,L2_7200,-76.34421852,37.0399318,709910d0_lv_node.3,3,U
1315,L2_7200,-76.34421852,37.0399318,709915d0_lv_node.3,3,U
1296,L2_7200,-76.34421852,37.0399318,709915d0_lv_node.3,3,U
107114,L2_3600,-76.34421852,37.0399318,709570d0_lv_node.1,3,U
106348,L2_17280,-76.34421852,37.0399318,709753d0_lv_node.2,2,U
106795,L2_3600,-76.34421852,37.0399318,709886d0_lv_node.1,3,U
106318,L2_17280,-76.34421852,37.0399318,709557d0_lv_node.2,3,U
1074,L2_7200,-76.34421852,37.0399318,709901d0_lv_node.2,3,U
106979,L2_17280,-76.34421852,37.0399318,709569d0_lv_node.2,3,U
106018,L2_17280,-76.34421852,37.0399318,709902d0_lv_node.2,3,U
105815,L2_17280,-76.34421852,37.0399318,709886d0_lv_node.1,3,U
106952,L2_17280,-76.34421852,37.0399318,709557d0_lv_node.2,3,U
531,L2_7200,-76.34421852,37.0399318,709893d0_lv_node.2,3,U
552,L2_7200,-76.34421852,37.0399318,709893d0_lv_node.2,3,U
776,L2_7200,-76.34421852,37.0399318,709893d0_lv_node.2,3,U
1141,L2_7200,-76.34421852,37.0399318,709893d0_lv_node.2,3,U
550,L2_7200,-76.34421852,37.0399318,709897d0_lv_node.2,3,U
106202,L2_17280,-76.34421852,37.0399318,709570d0_lv_node.1,3,U
107280,L2_3600,-76.34421852,37.0399318,709893d0_lv_node.2,3,U
107139,L2_17280,-76.34421852,37.0399318,709560d0_lv_node.2,3,U
106487,L2_17280,-76.34421852,37.0399318,709453d0_lv_node.3,2,U
106904,L2_17280,-76.34421852,37.0399318,709560d0_lv_node.2,3,U
106476,L2_17280,-76.34421852,37.0399318,709900d0_lv_node.2,3,U
107065,L2_3600,-76.34421852,37.0399318,709880d0_lv_node.1,3,U
107239,L2_3600,-76.34421852,37.0399318,709918d0_lv_node.2,3,U
538,L2_7200,-76.34421852,37.0399318,709907d0_lv_node.3,3,U
198,L2_7200,-76.34421852,37.0399318,709914d0_lv_node.1,3,U
579,L2_7200,-76.34421852,37.0399318,709914d0_lv_node.1,3,U
1047,L2_7200,-76.34421852,37.0399318,709964d0_lv_node.2,3,U
1057,L2_7200,-76.34421852,37.0399318,709964d0_lv_node.2,3,U
106960,L2_17280,-76.34421852,37.0399318,709822d0_lv_node.2,2,U
1419,L2_7200,-76.34421852,37.0399318,709885d0_lv_node.2,3,U
105833,L2_17280,-76.34421852,37.0399318,709893d0_lv_node.2,3,U
106598,L2_17280,-76.34421852,37.0399318,709880d0_lv_node.1,3,U
106015,L2_17280,-76.34421852,37.0399318,709538d0_lv_node.2,2,U
106599,L2_3600,-76.34421852,37.0399318,709559d0_lv_node.2,2,U
107271,L2_3600,-76.34421852,37.0399318,709238d0_lv_node.3,2,U
106601,L2_17280,-76.34421852,37.0399318,709916d0_lv_node.1,3,U
105985,L2_17280,-76.34421852,37.0399318,709453d0_lv_node.3,2,U
106524,L2_17280,-76.34421852,37.0399318,709910d0_lv_node.3,3,U
1391,L2_7200,-76.34421852,37.0399318,709240d0_lv_node.1,2,U
105908,L2_17280,-76.34421852,37.0399318,709597d0_lv_node.1,3,U
9,L2_7200,-76.34421852,37.0399318,709893d0_lv_node.2,3,U
1027,L2_7200,-76.34421852,37.0399318,709176d0_lv_node.3,2,U
1410,L2_7200,-76.34421852,37.0399318,709176d0_lv_node.3,2,U
107080,L2_3600,-76.34421852,37.0399318,709599d0_lv_node.1,3,U
107164,L2_17280,-76.34421852,37.0399318,709902d0_lv_node.2,3,U
107094,L2_3600,-76.34421852,37.0399318,709238d0_lv_node.3,2,U
106467,L2_17280,-76.34421852,37.0399318,709887d0_lv_node.2,3,U
107240,L2_17280,-76.34421852,37.0399318,709880d0_lv_node.1,3,U
106372,L2_17280,-76.34421852,37.0399318,709893d0_lv_node.2,3,U
105796,L2_17280,-76.34421852,37.0399318,709453d0_lv_node.3,2,U
106605,L2_3600,-76.34421852,37.0399318,709237d0_lv_node.3,2,U
317,L2_7200,-76.34421852,37.0399318,709913d0_lv_node.3,3,U
312,L2_7200,-76.34421852,37.0399318,709913d0_lv_node.3,3,U
460,L2_7200,-76.34421852,37.0399318,709913d0_lv_node.3,3,U
106891,L2_17280,-76.34421852,37.0399318,709886d0_lv_node.1,3,U
664,L2_7200,-76.34421852,37.0399318,709453d0_lv_node.3,2,U
106932,L2_17280,-76.34421852,37.0399318,709597d0_lv_node.1,3,U
676,L2_7200,-76.34421852,37.0399318,709573d0_lv_node.1,3,U
107153,L2_17280,-76.34421852,37.0399318,709573d0_lv_node.1,3,U
866,L2_7200,-76.34421852,37.0399318,709893d0_lv_node.2,3,U
105803,L2_17280,-76.34421852,37.0399318,709240d0_lv_node.1,2,U
106317,L2_17280,-76.34421852,37.0399318,709893d0_lv_node.2,3,U
106557,L2_3600,-76.34421852,37.0399318,709887d0_lv_node.2,3,U
106657,L2_17280,-76.34421852,37.0399318,709915d0_lv_node.3,3,U
106745,L2_3600,-76.34421852,37.0399318,709753d0_lv_node.2,2,U
546,L2_7200,-76.34421852,37.0399318,709822d0_lv_node.2,2,U
105979,L2_3600,-76.34421852,37.0399318,709250d0_lv_node.1,2,U
107109,L2_17280,-76.34421852,37.0399318,709880d0_lv_node.1,3,U
106225,L2_17280,-76.34421852,37.0399318,709597d0_lv_node.1,3,U
106242,L2_3600,-76.34421852,37.0399318,709240d0_lv_node.1,2,U
105841,L2_17280,-76.34421852,37.0399318,709238d0_lv_node.3,2,U
1429,L2_7200,-76.34421852,37.0399318,709910d0_lv_node.3,3,U
1447,L2_7200,-76.34421852,37.0399318,709910d0_lv_node.3,3,U
1458,L2_7200,-76.34421852,37.0399318,709910d0_lv_node.3,3,U
106817,L2_17280,-76.34421852,37.0399318,709560d0_lv_node.2,3,U
580,L2_7200,-76.34421852,37.0399318,709885d0_lv_node.2,3,U
862,L2_7200,-76.34421852,37.0399318,709885d0_lv_node.2,3,U
1148,L2_7200,-76.34421852,37.0399318,709885d0_lv_node.2,3,U
541,L2_7200,-76.34421852,37.0399318,709893d0_lv_node.2,3,U
549,L2_7200,-76.34421852,37.0399318,709893d0_lv_node.2,3,U
1200,L2_7200,-76.34421852,37.0399318,709893d0_lv_node.2,3,U
107107,L2_3600,-76.34421852,37.0399318,709893d0_lv_node.2,3,U
106509,L2_17280,-76.34421852,37.0399318,709453d0_lv_node.3,2,U
874,L2_7200,-76.34421852,37.0399318,709881d0_lv_node.2,3,U
880,L2_7200,-76.34421852,37.0399318,709881d0_lv_node.2,3,U
106648,L2_3600,-76.34421852,37.0399318,709460d0_lv_node.3,2,U
107050,L2_17280,-76.34421852,37.0399318,709886d0_lv_node.1,3,U
677,L2_7200,-76.34421852,37.0399318,709597d0_lv_node.1,3,U
105890,L2_17280,-76.34421852,37.0399318,709573d0_lv_node.1,3,U
107122,L2_3600,-76.34421852,37.0399318,709895d0_lv_node.2,2,U
731,L2_7200,-76.34421852,37.0399318,709910d0_lv_node.3,3,U
1036,L2_7200,-76.34421852,37.0399318,709910d0_lv_node.3,3,U
106072,L2_17280,-76.34421852,37.0399318,709393d0_lv_node.1,2,U
105946,L2_17280,-76.34421852,37.0399318,709573d0_lv_node.1,3,U
106034,L2_17280,-76.34421852,37.0399318,709559d0_lv_node.2,2,U
106342,L2_17280,-76.34421852,37.0399318,709964d0_lv_node.2,3,U
106399,L2_3600,-76.34421852,37.0399318,709913d0_lv_node.3,3,U
107134,L2_3600,-76.34421852,37.0399318,709570d0_lv_node.1,3,U
759,L2_7200,-76.34421852,37.0399318,709891d0_lv_node.2,3,U
1481,L2_7200,-76.34421852,37.0399318,709453d0_lv_node.3,2,U
1489,L2_7200,-76.34421852,37.0399318,709453d0_lv_node.3,2,U
23,L2_7200,-76.34421852,37.0399318,709964d0_lv_node.2,3,U
662,L2_7200,-76.34421852,37.0399318,709964d0_lv_node.2,3,U
1301,L2_7200,-76.34421852,37.0399318,709964d0_lv_node.2,3,U
105975,L2_17280,-76.34421852,37.0399318,709915d0_lv_node.3,3,U
734,L2_7200,-76.34421852,37.0399318,709392d0_lv_node.2,2,U
106645,L2_17280,-76.34421852,37.0399318,709569d0_lv_node.2,3,U
105987,L2_17280,-76.34421852,37.0399318,709901d0_lv_node.2,3,U
105794,L2_17280,-76.34421852,37.0399318,709910d0_lv_node.3,3,U
106731,L2_17280,-76.34421852,37.0399318,709902d0_lv_node.2,3,U
106008,L2_17280,-76.34421852,37.0399318,709237d0_lv_node.3,2,U
1241,L2_7200,-76.34421852,37.0399318,709887d0_lv_node.2,3,U
875,L2_7200,-76.34421852,37.0399318,709570d0_lv_node.1,3,U
1390,L2_7200,-76.34421852,37.0399318,709570d0_lv_node.1,3,U
107103,L2_17280,-76.34421852,37.0399318,709885d0_lv_node.2,3,U
106668,L2_17280,-76.34421852,37.0399318,709465d0_lv_node.3,2,U
1191,L2_7200,-76.34421852,37.0399318,709900d0_lv_node.2,3,U
1277,L2_7200,-76.34421852,37.0399318,709900d0_lv_node.2,3,U
107112,L2_3600,-76.34421852,37.0399318,709559d0_lv_node.2,2,U
106346,L2_17280,-76.34421852,37.0399318,709887d0_lv_node.2,3,U
105911,L2_17280,-76.34421852,37.0399318,709895d0_lv_node.2,2,U
107061,L2_17280,-76.34421852,37.0399318,709885d0_lv_node.2,3,U
106196,L2_17280,-76.34421852,37.0399318,709893d0_lv_node.2,3,U
296,L2_7200,-76.34421852,37.0399318,709559d0_lv_node.2,2,U
568,L2_7200,-76.34421852,37.0399318,709559d0_lv_node.2,2,U
701,L2_7200,-76.34421852,37.0399318,709559d0_lv_node.2,2,U
106029,L2_17280,-76.34421852,37.0399318,709238d0_lv_node.3,2,U
105860,L2_17280,-76.34421852,37.0399318,709916d0_lv_node.1,3,U
106956,L2_3600,-76.34421852,37.0399318,709174d0_lv_node.1,2,U
846,L2_7200,-76.34421852,37.0399318,709393d0_lv_node.1,2,U
106096,L2_3600,-76.34421852,37.0399318,709891d0_lv_node.2,3,U
107207,L2_17280,-76.34421852,37.0399318,709913d0_lv_node.3,3,U
106392,L2_17280,-76.34421852,37.0399318,709964d0_lv_node.2,3,U
1316,L2_7200,-76.34421852,37.0399318,709484d0_lv_node.2,3,U
106039,L2_17280,-76.34421852,37.0399318,709573d0_lv_node.1,3,U
106463,L2_3600,-76.34421852,37.0399318,709880d0_lv_node.1,3,U
106066,L2_17280,-76.34421852,37.0399318,709886d0_lv_node.1,3,U
106547,L2_17280,-76.34421852,37.0399318,709880d0_lv_node.1,3,U
106187,L2_17280,-76.34421852,37.0399318,709571d0_lv_node.1,3,U
107029,L2_3600,-76.34421852,37.0399318,709573d0_lv_node.1,3,U
105855,L2_17280,-76.34421852,37.0399318,709881d0_lv_node.2,3,U
105980,L2_17280,-76.34421852,37.0399318,709465d0_lv_node.3,2,U
107222,L2_17280,-76.34421852,37.0399318,709902d0_lv_node.2,3,U
107269,L2_3600,-76.34421852,37.0399318,709914d0_lv_node.1,3,U
106733,L2_3600,-76.34421852,37.0399318,709484d0_lv_node.2,3,U
107177,L2_3600,-76.34421852,37.0399318,709557d0_lv_node.2,3,U
106041,L2_17280,-76.34421852,37.0399318,709573d0_lv_node.1,3,U
106355,L2_17280,-76.34421852,37.0399318,709880d0_lv_node.1,3,U
107096,L2_3600,-76.34421852,37.0399318,1824045d0_lv_node.1,3,U
105916,L2_17280,-76.34421852,37.0399318,709907d0_lv_node.3,3,U
106822,L2_17280,-76.34421852,37.0399318,709484d0_lv_node.2,3,U
106970,L2_3600,-76.34421852,37.0399318,709237d0_lv_node.3,2,U
106452,L2_3600,-76.34421852,37.0399318,709896d0_lv_node.2,2,U
1128,L2_7200,-76.34421852,37.0399318,709891d0_lv_node.2,3,U
105949,L2_17280,-76.34421852,37.0399318,709177d0_lv_node.3,2,U
107013,L2_3600,-76.34421852,37.0399318,709479d0_lv_node.2,2,U
106584,L2_17280,-76.34421852,37.0399318,709887d0_lv_node.2,3,U
106045,L2_3600,-76.34421852,37.0399318,709822d0_lv_node.2,2,U
105846,L2_3600,-76.34421852,37.0399318,709597d0_lv_node.1,3,U
106305,L2_17280,-76.34421852,37.0399318,709893d0_lv_node.2,3,U
107026,L2_17280,-76.34421852,37.0399318,709914d0_lv_node.1,3,U
106909,L2_17280,-76.34421852,37.0399318,709176d0_lv_node.3,2,U
106075,L2_17280,-76.34421852,37.0399318,709895d0_lv_node.2,2,U
106569,L2_17280,-76.34421852,37.0399318,709237d0_lv_node.3,2,U
106069,L2_17280,-76.34421852,37.0399318,709880d0_lv_node.1,3,U
107097,L2_3600,-76.34421852,37.0399318,709910d0_lv_node.3,3,U
105786,L2_17280,-76.34421852,37.0399318,709901d0_lv_node.2,3,U
106309,L2_3600,-76.34421852,37.0399318,709891d0_lv_node.2,3,U
107182,L2_3600,-76.34421852,37.0399318,709385d0_lv_node.1,2,U
106916,L2_17280,-76.34421852,37.0399318,709570d0_lv_node.1,3,U
106814,L2_17280,-76.34421852,37.0399318,709237d0_lv_node.3,2,U
106432,L2_17280,-76.34421852,37.0399318,709891d0_lv_node.2,3,U
106020,L2_17280,-76.34421852,37.0399318,709484d0_lv_node.2,3,U
106065,L2_17280,-76.34421852,37.0399318,709914d0_lv_node.1,3,U
106339,L2_17280,-76.34421852,37.0399318,709891d0_lv_node.2,3,U
106128,L2_17280,-76.34421852,37.0399318,709881d0_lv_node.2,3,U
919,L2_7200,-76.34421852,37.0399318,709599d0_lv_node.1,3,U
106682,L2_3600,-76.34421852,37.0399318,709484d0_lv_node.2,3,U
107173,L2_3600,-76.34421852,37.0399318,709885d0_lv_node.2,3,U
766,L2_7200,-76.34421852,37.0399318,709569d0_lv_node.2,3,U
1038,L2_7200,-76.34421852,37.0399318,709569d0_lv_node.2,3,U
1097,L2_7200,-76.34421852,37.0399318,709569d0_lv_node.2,3,U
105838,L2_17280,-76.34421852,37.0399318,709753d0_lv_node.2,2,U
106785,L2_17280,-76.34421852,37.0399318,709910d0_lv_node.3,3,U
107117,L2_17280,-76.34421852,37.0399318,709884d0_lv_node.2,3,U
105873,L2_17280,-76.34421852,37.0399318,709916d0_lv_node.1,3,U
1069,L2_7200,-76.34421852,37.0399318,709913d0_lv_node.3,3,U
1071,L2_7200,-76.34421852,37.0399318,709913d0_lv_node.3,3,U
1314,L2_7200,-76.34421852,37.0399318,709913d0_lv_node.3,3,U
333,L2_7200,-76.34421852,37.0399318,709176d0_lv_node.3,2,U
1158,L2_7200,-76.34421852,37.0399318,709176d0_lv_node.3,2,U
1234,L2_7200,-76.34421852,37.0399318,709176d0_lv_node.3,2,U
1232,L2_7200,-76.34421852,37.0399318,709176d0_lv_node.3,2,U
1231,L2_7200,-76.34421852,37.0399318,709176d0_lv_node.3,2,U
105795,L2_17280,-76.34421852,37.0399318,709557d0_lv_node.2,3,U
106486,L2_17280,-76.34421852,37.0399318,709918d0_lv_node.2,3,U
105931,L2_17280,-76.34421852,37.0399318,709569d0_lv_node.2,3,U
106064,L2_3600,-76.34421852,37.0399318,709891d0_lv_node.2,3,U
106572,L2_17280,-76.34421852,37.0399318,709881d0_lv_node.2,3,U
106860,L2_17280,-76.34421852,37.0399318,709484d0_lv_node.2,3,U
106586,L2_17280,-76.34421852,37.0399318,709896d0_lv_node.2,2,U
106637,L2_17280,-76.34421852,37.0399318,709893d0_lv_node.2,3,U
106417,L2_17280,-76.34421852,37.0399318,709895d0_lv_node.2,2,U
106857,L2_3600,-76.34421852,37.0399318,709240d0_lv_node.1,2,U
107102,L2_3600,-76.34421852,37.0399318,709393d0_lv_node.1,2,U
107252,L2_3600,-76.34421852,37.0399318,709237d0_lv_node.3,2,U
107064,L2_17280,-76.34421852,37.0399318,709385d0_lv_node.1,2,U
106661,L2_3600,-76.34421852,37.0399318,709250d0_lv_node.1,2,U
107035,L2_17280,-76.34421852,37.0399318,709237d0_lv_node.3,2,U
106944,L2_17280,-76.34421852,37.0399318,709887d0_lv_node.2,3,U
555,L2_7200,-76.34421852,37.0399318,709914d0_lv_node.1,3,U
106253,L2_3600,-76.34421852,37.0399318,709484d0_lv_node.2,3,U
106298,L2_17280,-76.34421852,37.0399318,709918d0_lv_node.2,3,U
106819,L2_17280,-76.34421852,37.0399318,709907d0_lv_node.3,3,U
596,L2_7200,-76.34421852,37.0399318,709915d0_lv_node.3,3,U
107048,L2_3600,-76.34421852,37.0399318,709393d0_lv_node.1,2,U
106622,L2_17280,-76.34421852,37.0399318,709881d0_lv_node.2,3,U
106385,L2_3600,-76.34421852,37.0399318,709385d0_lv_node.1,2,U
106213,L2_17280,-76.34421852,37.0399318,709176d0_lv_node.3,2,U
107030,L2_17280,-76.34421852,37.0399318,709538d0_lv_node.2,2,U
106719,L2_17280,-76.34421852,37.0399318,709560d0_lv_node.2,3,U
106812,L2_3600,-76.34421852,37.0399318,709237d0_lv_node.3,2,U
106397,L2_17280,-76.34421852,37.0399318,709597d0_lv_node.1,3,U
107262,L2_17280,-76.34421852,37.0399318,709393d0_lv_node.1,2,U
105806,L2_17280,-76.34421852,37.0399318,709896d0_lv_node.2,2,U
107051,L2_3600,-76.34421852,37.0399318,709886d0_lv_node.1,3,U
1367,L2_7200,-76.34421852,37.0399318,709913d0_lv_node.3,3,U
106113,L2_17280,-76.34421852,37.0399318,709753d0_lv_node.2,2,U
107190,L2_3600,-76.34421852,37.0399318,709176d0_lv_node.3,2,U
547,L2_7200,-76.34421852,37.0399318,709901d0_lv_node.2,3,U
106092,L2_17280,-76.34421852,37.0399318,709177d0_lv_node.3,2,U
106362,L2_3600,-76.34421852,37.0399318,709569d0_lv_node.2,3,U
107157,L2_3600,-76.34421852,37.0399318,709174d0_lv_node.1,2,U
106134,L2_17280,-76.34421852,37.0399318,709460d0_lv_node.3,2,U
106844,L2_17280,-76.34421852,37.0399318,709880d0_lv_node.1,3,U
105894,L2_17280,-76.34421852,37.0399318,709557d0_lv_node.2,3,U
105874,L2_17280,-76.34421852,37.0399318,709569d0_lv_node.2,3,U
106628,L2_17280,-76.34421852,37.0399318,709392d0_lv_node.2,2,U
107225,L2_3600,-76.34421852,37.0399318,709393d0_lv_node.1,2,U
106820,L2_17280,-76.34421852,37.0399318,709910d0_lv_node.3,3,U
612,L2_7200,-76.34421852,37.0399318,709557d0_lv_node.2,3,U
238,L2_7200,-76.34421852,37.0399318,709929d0_lv_node.2,3,U
107274,L2_3600,-76.34421852,37.0399318,709891d0_lv_node.2,3,U
86,L2_7200,-76.34421852,37.0399318,709453d0_lv_node.3,2,U
116,L2_7200,-76.34421852,37.0399318,709453d0_lv_node.3,2,U
1468,L2_7200,-76.34421852,37.0399318,709453d0_lv_node.3,2,U
106038,L2_17280,-76.34421852,37.0399318,709479d0_lv_node.2,2,U
106911,L2_3600,-76.34421852,37.0399318,709900d0_lv_node.2,3,U
105936,L2_3600,-76.34421852,37.0399318,709453d0_lv_node.3,2,U
107265,L2_3600,-76.34421852,37.0399318,709571d0_lv_node.1,3,U
106694,L2_17280,-76.34421852,37.0399318,709569d0_lv_node.2,3,U
106368,L2_17280,-76.34421852,37.0399318,709913d0_lv_node.3,3,U
1288,L2_7200,-76.34421852,37.0399318,709453d0_lv_node.3,2,U
1183,L2_7200,-76.34421852,37.0399318,709900d0_lv_node.2,3,U
106296,L2_17280,-76.34421852,37.0399318,709893d0_lv_node.2,3,U
107295,L2_3600,-76.34421852,37.0399318,709910d0_lv_node.3,3,U
1341,L2_7200,-76.34421852,37.0399318,709237d0_lv_node.3,2,U
107266,L2_3600,-76.34421852,37.0399318,709393d0_lv_node.1,2,U
106056,L2_17280,-76.34421852,37.0399318,709460d0_lv_node.3,2,U
106924,L2_17280,-76.34421852,37.0399318,709392d0_lv_node.2,2,U
1011,L2_7200,-76.34421852,37.0399318,709901d0_lv_node.2,3,U
1014,L2_7200,-76.34421852,37.0399318,709901d0_lv_node.2,3,U
1006,L2_7200,-76.34421852,37.0399318,709901d0_lv_node.2,3,U
107268,L2_3600,-76.34421852,37.0399318,709573d0_lv_node.1,3,U
107003,L2_17280,-76.34421852,37.0399318,709897d0_lv_node.2,3,U
109482,L2_3600,-76.34421852,37.0399318,708085d0_lv_node.1,3,U
111472,L2_17280,-76.34421852,37.0399318,708133d0_lv_node.1,3,U
111359,L2_17280,-76.34421852,37.0399318,708125d0_lv_node.1,3,U
109075,L2_17280,-76.34421852,37.0399318,709601d0_lv_node.3,3,U
109308,L2_17280,-76.34421852,37.0399318,708222d0_lv_node.1,3,U
109185,L2_17280,-76.34421852,37.0399318,709496d0_lv_node.1,3,U
111077,L2_17280,-76.34421852,37.0399318,708144d0_lv_node.1,3,U
108944,L2_17280,-76.34421852,37.0399318,708194d0_lv_node.3,3,U
110024,L2_3600,-76.34421852,37.0399318,709522d0_lv_node.3,3,U
249,L2_7200,-76.34421852,37.0399318,709587d0_lv_node.1,3,U
109281,L2_17280,-76.34421852,37.0399318,708165d0_lv_node.3,3,U
111363,L2_3600,-76.34421852,37.0399318,708169d0_lv_node.3,3,U
111342,L2_17280,-76.34421852,37.0399318,708128d0_lv_node.1,3,U
110588,L2_17280,-76.34421852,37.0399318,708131d0_lv_node.1,3,U
110668,L2_3600,-76.34421852,37.0399318,708127d0_lv_node.1,3,U
111157,L2_17280,-76.34421852,37.0399318,708109d0_lv_node.3,3,U
110590,L2_17280,-76.34421852,37.0399318,709586d0_lv_node.1,3,U
111235,L2_3600,-76.34421852,37.0399318,709535d0_lv_node.1,3,U
109454,L2_3600,-76.34421852,37.0399318,709577d0_lv_node.1,3,U
108774,L2_17280,-76.34421852,37.0399318,710063d0_lv_node.2,3,U
111117,L2_17280,-76.34421852,37.0399318,709583d0_lv_node.2,3,U
911,L2_7200,-76.34421852,37.0399318,709530d0_lv_node.3,3,U
110638,L2_17280,-76.34421852,37.0399318,708123d0_lv_node.3,3,U
109124,L2_17280,-76.34421852,37.0399318,709488d0_lv_node.3,3,U
942,L2_7200,-76.34421852,37.0399318,709488d0_lv_node.3,3,U
1012,L2_7200,-76.34421852,37.0399318,709488d0_lv_node.3,3,U
108897,L2_17280,-76.34421852,37.0399318,708140d0_lv_node.1,3,U
110144,L2_17280,-76.34421852,37.0399318,708109d0_lv_node.3,3,U
111055,L2_3600,-76.34421852,37.0399318,709513d0_lv_node.1,3,U
110661,L2_17280,-76.34421852,37.0399318,708217d0_lv_node.2,3,U
110937,L2_17280,-76.34421852,37.0399318,709486d0_lv_node.2,3,U
109067,L2_3600,-76.34421852,37.0399318,709513d0_lv_node.1,3,U
110423,L2_17280,-76.34421852,37.0399318,709502d0_lv_node.3,3,U
109026,L2_17280,-76.34421852,37.0399318,708082d0_lv_node.1,3,U
111161,L2_3600,-76.34421852,37.0399318,708128d0_lv_node.1,3,U
345,L2_7200,-76.34421852,37.0399318,708074d0_lv_node.1,3,U
736,L2_7200,-76.34421852,37.0399318,708074d0_lv_node.1,3,U
828,L2_7200,-76.34421852,37.0399318,708074d0_lv_node.1,3,U
109505,L2_17280,-76.34421852,37.0399318,710110d0_lv_node.3,3,U
108779,L2_3600,-76.34421852,37.0399318,709532d0_lv_node.1,3,U
111263,L2_17280,-76.34421852,37.0399318,708217d0_lv_node.2,3,U
111100,L2_3600,-76.34421852,37.0399318,708121d0_lv_node.1,3,U
110285,L2_17280,-76.34421852,37.0399318,709528d0_lv_node.3,3,U
110920,L2_17280,-76.34421852,37.0399318,708098d0_lv_node.1,3,U
108827,L2_17280,-76.34421852,37.0399318,709583d0_lv_node.2,3,U
110533,L2_17280,-76.34421852,37.0399318,709556d0_lv_node.2,3,U
111445,L2_3600,-76.34421852,37.0399318,709502d0_lv_node.3,3,U
111331,L2_3600,-76.34421852,37.0399318,710063d0_lv_node.2,3,U
109547,L2_17280,-76.34421852,37.0399318,708175d0_lv_node.3,3,U
408,L2_7200,-76.34421852,37.0399318,708092d0_lv_node.1,3,U
1162,L2_7200,-76.34421852,37.0399318,708092d0_lv_node.1,3,U
1389,L2_7200,-76.34421852,37.0399318,708092d0_lv_node.1,3,U
108888,L2_17280,-76.34421852,37.0399318,708138d0_lv_node.1,3,U
111004,L2_3600,-76.34421852,37.0399318,708085d0_lv_node.1,3,U
109031,L2_17280,-76.34421852,37.0399318,708127d0_lv_node.1,3,U
111347,L2_3600,-76.34421852,37.0399318,709500d0_lv_node.2,3,U
110992,L2_3600,-76.34421852,37.0399318,709523d0_lv_node.3,3,U
673,L2_7200,-76.34421852,37.0399318,708119d0_lv_node.1,3,U
111406,L2_3600,-76.34421852,37.0399318,708196d0_lv_node.1,3,U
110823,L2_3600,-76.34421852,37.0399318,708115d0_lv_node.1,3,U
110105,L2_17280,-76.34421852,37.0399318,709556d0_lv_node.2,3,U
108988,L2_17280,-76.34421852,37.0399318,708138d0_lv_node.1,3,U
108739,L2_17280,-76.34421852,37.0399318,709575d0_lv_node.1,3,U
111293,L2_3600,-76.34421852,37.0399318,708115d0_lv_node.1,3,U
109283,L2_17280,-76.34421852,37.0399318,709488d0_lv_node.3,3,U
649,L2_7200,-76.34421852,37.0399318,708123d0_lv_node.3,3,U
686,L2_7200,-76.34421852,37.0399318,708123d0_lv_node.3,3,U
109377,L2_17280,-76.34421852,37.0399318,709520d0_lv_node.3,3,U
109007,L2_17280,-76.34421852,37.0399318,709468d0_lv_node.1,3,U
109967,L2_3600,-76.34421852,37.0399318,708090d0_lv_node.3,3,U
1028,L2_7200,-76.34421852,37.0399318,708194d0_lv_node.3,3,U
110532,L2_17280,-76.34421852,37.0399318,709583d0_lv_node.2,3,U
368,L2_7200,-76.34421852,37.0399318,708138d0_lv_node.1,3,U
1483,L2_7200,-76.34421852,37.0399318,708138d0_lv_node.1,3,U
109722,L2_17280,-76.34421852,37.0399318,709532d0_lv_node.1,3,U
110803,L2_17280,-76.34421852,37.0399318,709606d0_lv_node.2,3,U
1207,L2_7200,-76.34421852,37.0399318,709606d0_lv_node.2,3,U
108731,L2_17280,-76.34421852,37.0399318,709530d0_lv_node.3,3,U
111399,L2_3600,-76.34421852,37.0399318,708133d0_lv_node.1,3,U
109548,L2_17280,-76.34421852,37.0399318,707866d0_lv_node.1,2,U
108957,L2_17280,-76.34421852,37.0399318,709528d0_lv_node.3,3,U
111384,L2_3600,-76.34421852,37.0399318,709488d0_lv_node.3,3,U
110079,L2_17280,-76.34421852,37.0399318,708098d0_lv_node.1,3,U
110229,L2_17280,-76.34421852,37.0399318,709496d0_lv_node.1,3,U
569,L2_7200,-76.34421852,37.0399318,708133d0_lv_node.1,3,U
576,L2_7200,-76.34421852,37.0399318,708133d0_lv_node.1,3,U
109392,L2_17280,-76.34421852,37.0399318,709496d0_lv_node.1,3,U
109322,L2_17280,-76.34421852,37.0399318,709533d0_lv_node.1,3,U
1114,L2_7200,-76.34421852,37.0399318,709519d0_lv_node.1,3,U
1113,L2_7200,-76.34421852,37.0399318,709519d0_lv_node.1,3,U
109291,L2_3600,-76.34421852,37.0399318,708217d0_lv_node.2,3,U
109169,L2_17280,-76.34421852,37.0399318,709519d0_lv_node.1,3,U
108963,L2_17280,-76.34421852,37.0399318,709586d0_lv_node.1,3,U
109755,L2_17280,-76.34421852,37.0399318,708203d0_lv_node.1,3,U
108730,L2_17280,-76.34421852,37.0399318,709586d0_lv_node.1,3,U
1487,L2_7200,-76.34421852,37.0399318,708169d0_lv_node.3,3,U
109201,L2_3600,-76.34421852,37.0399318,708128d0_lv_node.1,3,U
109292,L2_17280,-76.34421852,37.0399318,708097d0_lv_node.1,3,U
111360,L2_17280,-76.34421852,37.0399318,710068d0_lv_node.3,3,U
110421,L2_17280,-76.34421852,37.0399318,710105d0_lv_node.3,3,U
109883,L2_17280,-76.34421852,37.0399318,708176d0_lv_node.1,3,U
110091,L2_17280,-76.34421852,37.0399318,709580d0_lv_node.1,3,U
108725,L2_3600,-76.34421852,37.0399318,708070d0_lv_node.3,2,U
162,L2_7200,-76.34421852,37.0399318,709601d0_lv_node.3,3,U
746,L2_7200,-76.34421852,37.0399318,709601d0_lv_node.3,3,U
750,L2_7200,-76.34421852,37.0399318,709601d0_lv_node.3,3,U
962,L2_7200,-76.34421852,37.0399318,708125d0_lv_node.1,3,U
865,L2_7200,-76.34421852,37.0399318,708119d0_lv_node.1,3,U
111496,L2_17280,-76.34421852,37.0399318,708085d0_lv_node.1,3,U
109134,L2_17280,-76.34421852,37.0399318,708092d0_lv_node.1,3,U
109176,L2_17280,-76.34421852,37.0399318,708085d0_lv_node.1,3,U
110044,L2_3600,-76.34421852,37.0399318,709523d0_lv_node.3,3,U
111341,L2_17280,-76.34421852,37.0399318,708203d0_lv_node.1,3,U
110334,L2_3600,-76.34421852,37.0399318,710063d0_lv_node.2,3,U
111013,L2_3600,-76.34421852,37.0399318,709502d0_lv_node.3,3,U
109988,L2_17280,-76.34421852,37.0399318,708135d0_lv_node.1,3,U
109787,L2_3600,-76.34421852,37.0399318,708135d0_lv_node.1,3,U
109219,L2_17280,-76.34421852,37.0399318,709488d0_lv_node.3,3,U
111051,L2_3600,-76.34421852,37.0399318,708125d0_lv_node.1,3,U
110749,L2_17280,-76.34421852,37.0399318,709521d0_lv_node.2,3,U
111198,L2_17280,-76.34421852,37.0399318,708085d0_lv_node.1,3,U
111334,L2_3600,-76.34421852,37.0399318,708133d0_lv_node.1,3,U
1058,L2_7200,-76.34421852,37.0399318,708125d0_lv_node.1,3,U
1060,L2_7200,-76.34421852,37.0399318,708125d0_lv_node.1,3,U
108824,L2_17280,-76.34421852,37.0399318,710110d0_lv_node.3,3,U
110829,L2_17280,-76.34421852,37.0399318,710065d0_lv_node.2,3,U
109763,L2_17280,-76.34421852,37.0399318,708070d0_lv_node.3,2,U
110489,L2_17280,-76.34421852,37.0399318,709583d0_lv_node.2,3,U
108840,L2_17280,-76.34421852,37.0399318,708169d0_lv_node.3,3,U
111021,L2_3600,-76.34421852,37.0399318,708176d0_lv_node.1,3,U
109217,L2_17280,-76.34421852,37.0399318,708112d0_lv_node.1,3,U
1298,L2_7200,-76.34421852,37.0399318,708165d0_lv_node.3,3,U
111490,L2_17280,-76.34421852,37.0399318,708123d0_lv_node.3,3,U
630,L2_7200,-76.34421852,37.0399318,708128d0_lv_node.1,3,U
364,L2_7200,-76.34421852,37.0399318,708195d0_lv_node.3,3,U
110310,L2_17280,-76.34421852,37.0399318,708169d0_lv_node.3,3,U
109528,L2_3600,-76.34421852,37.0399318,708123d0_lv_node.3,3,U
290,L2_7200,-76.34421852,37.0399318,708194d0_lv_node.3,3,U
1193,L2_7200,-76.34421852,37.0399318,708194d0_lv_node.3,3,U
108771,L2_17280,-76.34421852,37.0399318,708123d0_lv_node.3,3,U
111302,L2_3600,-76.34421852,37.0399318,709468d0_lv_node.1,3,U
109543,L2_3600,-76.34421852,37.0399318,707866d0_lv_node.1,2,U
111201,L2_3600,-76.34421852,37.0399318,709519d0_lv_node.1,3,U
108767,L2_17280,-76.34421852,37.0399318,709486d0_lv_node.2,3,U
109332,L2_17280,-76.34421852,37.0399318,708165d0_lv_node.3,3,U
111336,L2_17280,-76.34421852,37.0399318,708098d0_lv_node.1,3,U
109757,L2_3600,-76.34421852,37.0399318,708123d0_lv_node.3,3,U
108924,L2_17280,-76.34421852,37.0399318,710110d0_lv_node.3,3,U
108893,L2_3600,-76.34421852,37.0399318,709601d0_lv_node.3,3,U
108853,L2_3600,-76.34421852,37.0399318,709468d0_lv_node.1,3,U
774,L2_7200,-76.34421852,37.0399318,709583d0_lv_node.2,3,U
111079,L2_17280,-76.34421852,37.0399318,710111d0_lv_node.3,3,U
109290,L2_3600,-76.34421852,37.0399318,709585d0_lv_node.2,3,U
111387,L2_3600,-76.34421852,37.0399318,709606d0_lv_node.2,3,U
110949,L2_3600,-76.34421852,37.0399318,709556d0_lv_node.2,3,U
111164,L2_3600,-76.34421852,37.0399318,709586d0_lv_node.1,3,U
110456,L2_17280,-76.34421852,37.0399318,709497d0_lv_node.1,3,U
109920,L2_17280,-76.34421852,37.0399318,709575d0_lv_node.1,3,U
108814,L2_17280,-76.34421852,37.0399318,708133d0_lv_node.1,3,U
110828,L2_17280,-76.34421852,37.0399318,708112d0_lv_node.1,3,U
110480,L2_3600,-76.34421852,37.0399318,708176d0_lv_node.1,3,U
1082,L2_7200,-76.34421852,37.0399318,707866d0_lv_node.1,2,U
111073,L2_3600,-76.34421852,37.0399318,709594d0_lv_node.3,3,U
109402,L2_17280,-76.34421852,37.0399318,708140d0_lv_node.1,3,U
110905,L2_17280,-76.34421852,37.0399318,708109d0_lv_node.3,3,U
109121,L2_17280,-76.34421852,37.0399318,709519d0_lv_node.1,3,U
109137,L2_17280,-76.34421852,37.0399318,708176d0_lv_node.1,3,U
109186,L2_17280,-76.34421852,37.0399318,709587d0_lv_node.1,3,U
109183,L2_17280,-76.34421852,37.0399318,709594d0_lv_node.3,3,U
108797,L2_17280,-76.34421852,37.0399318,710064d0_lv_node.3,3,U
110193,L2_3600,-76.34421852,37.0399318,709522d0_lv_node.3,3,U
111485,L2_3600,-76.34421852,37.0399318,708165d0_lv_node.3,3,U
109745,L2_17280,-76.34421852,37.0399318,708128d0_lv_node.1,3,U
109540,L2_17280,-76.34421852,37.0399318,708128d0_lv_node.1,3,U
110060,L2_3600,-76.34421852,37.0399318,709577d0_lv_node.1,3,U
1322,L2_7200,-76.34421852,37.0399318,709521d0_lv_node.2,3,U
110343,L2_3600,-76.34421852,37.0399318,708222d0_lv_node.1,3,U
111269,L2_3600,-76.34421852,37.0399318,709587d0_lv_node.1,3,U
109972,L2_17280,-76.34421852,37.0399318,708128d0_lv_node.1,3,U
110962,L2_3600,-76.34421852,37.0399318,708127d0_lv_node.1,3,U
110337,L2_3600,-76.34421852,37.0399318,708069d0_lv_node.3,2,U
110954,L2_3600,-76.34421852,37.0399318,708119d0_lv_node.1,3,U
110782,L2_17280,-76.34421852,37.0399318,709580d0_lv_node.1,3,U
109102,L2_17280,-76.34421852,37.0399318,709601d0_lv_node.3,3,U
109914,L2_17280,-76.34421852,37.0399318,708133d0_lv_node.1,3,U
110934,L2_17280,-76.34421852,37.0399318,708074d0_lv_node.1,3,U
107,L2_7200,-76.34421852,37.0399318,708115d0_lv_node.1,3,U
1464,L2_7200,-76.34421852,37.0399318,708115d0_lv_node.1,3,U
1482,L2_7200,-76.34421852,37.0399318,708115d0_lv_node.1,3,U
1484,L2_7200,-76.34421852,37.0399318,708115d0_lv_node.1,3,U
110200,L2_3600,-76.34421852,37.0399318,708222d0_lv_node.1,3,U
108793,L2_17280,-76.34421852,37.0399318,707866d0_lv_node.1,2,U
111298,L2_3600,-76.34421852,37.0399318,708195d0_lv_node.3,3,U
110025,L2_17280,-76.34421852,37.0399318,710105d0_lv_node.3,3,U
110801,L2_17280,-76.34421852,37.0399318,709488d0_lv_node.3,3,U
1225,L2_7200,-76.34421852,37.0399318,709488d0_lv_node.3,3,U
1218,L2_7200,-76.34421852,37.0399318,709488d0_lv_node.3,3,U
111316,L2_3600,-76.34421852,37.0399318,708217d0_lv_node.2,3,U
365,L2_7200,-76.34421852,37.0399318,708121d0_lv_node.1,3,U
108981,L2_17280,-76.34421852,37.0399318,708133d0_lv_node.1,3,U
111068,L2_17280,-76.34421852,37.0399318,708085d0_lv_node.1,3,U
108770,L2_17280,-76.34421852,37.0399318,709556d0_lv_node.2,3,U
527,L2_7200,-76.34421852,37.0399318,709587d0_lv_node.1,3,U
109836,L2_17280,-76.34421852,37.0399318,709601d0_lv_node.3,3,U
196,L2_7200,-76.34421852,37.0399318,710063d0_lv_node.2,3,U
111500,L2_3600,-76.34421852,37.0399318,708125d0_lv_node.1,3,U
109784,L2_17280,-76.34421852,37.0399318,709583d0_lv_node.2,3,U
110628,L2_17280,-76.34421852,37.0399318,708098d0_lv_node.1,3,U
109975,L2_17280,-76.34421852,37.0399318,708109d0_lv_node.3,3,U
109127,L2_3600,-76.34421852,37.0399318,708109d0_lv_node.3,3,U
928,L2_7200,-76.34421852,37.0399318,708127d0_lv_node.1,3,U
1109,L2_7200,-76.34421852,37.0399318,708127d0_lv_node.1,3,U
109958,L2_17280,-76.34421852,37.0399318,707866d0_lv_node.1,2,U
109728,L2_17280,-76.34421852,37.0399318,709502d0_lv_node.3,3,U
110953,L2_3600,-76.34421852,37.0399318,709556d0_lv_node.2,3,U
111207,L2_3600,-76.34421852,37.0399318,708070d0_lv_node.3,2,U
109256,L2_3600,-76.34421852,37.0399318,709577d0_lv_node.1,3,U
109343,L2_3600,-76.34421852,37.0399318,709606d0_lv_node.2,3,U
108953,L2_3600,-76.34421852,37.0399318,707866d0_lv_node.1,2,U
109599,L2_3600,-76.34421852,37.0399318,708074d0_lv_node.1,3,U
111278,L2_3600,-76.34421852,37.0399318,708123d0_lv_node.3,3,U
1135,L2_7200,-76.34421852,37.0399318,708125d0_lv_node.1,3,U
543,L2_7200,-76.34421852,37.0399318,708121d0_lv_node.1,3,U
110322,L2_3600,-76.34421852,37.0399318,708092d0_lv_node.1,3,U
108940,L2_17280,-76.34421852,37.0399318,708198d0_lv_node.1,3,U
110982,L2_3600,-76.34421852,37.0399318,709530d0_lv_node.3,3,U
110366,L2_17280,-76.34421852,37.0399318,708133d0_lv_node.1,3,U
110985,L2_3600,-76.34421852,37.0399318,709528d0_lv_node.3,3,U
1152,L2_7200,-76.34421852,37.0399318,708195d0_lv_node.3,3,U
1177,L2_7200,-76.34421852,37.0399318,708195d0_lv_node.3,3,U
110438,L2_3600,-76.34421852,37.0399318,710104d0_lv_node.3,3,U
986,L2_7200,-76.34421852,37.0399318,708165d0_lv_node.3,3,U
110402,L2_3600,-76.34421852,37.0399318,710111d0_lv_node.3,3,U
109225,L2_3600,-76.34421852,37.0399318,708175d0_lv_node.3,3,U
110951,L2_3600,-76.34421852,37.0399318,708163d0_lv_node.3,3,U
267,L2_7200,-76.34421852,37.0399318,709486d0_lv_node.2,3,U
668,L2_7200,-76.34421852,37.0399318,709486d0_lv_node.2,3,U
772,L2_7200,-76.34421852,37.0399318,708192d0_lv_node.1,3,U
110373,L2_17280,-76.34421852,37.0399318,708119d0_lv_node.1,3,U
111320,L2_3600,-76.34421852,37.0399318,709533d0_lv_node.1,3,U
110006,L2_3600,-76.34421852,37.0399318,709534d0_lv_node.1,3,U
111415,L2_3600,-76.34421852,37.0399318,709528d0_lv_node.3,3,U
109000,L2_17280,-76.34421852,37.0399318,709593d0_lv_node.3,3,U
108,L2_7200,-76.34421852,37.0399318,709594d0_lv_node.3,3,U
108916,L2_17280,-76.34421852,37.0399318,709523d0_lv_node.3,3,U
108733,L2_17280,-76.34421852,37.0399318,709488d0_lv_node.3,3,U
110651,L2_17280,-76.34421852,37.0399318,709594d0_lv_node.3,3,U
109704,L2_17280,-76.34421852,37.0399318,708068d0_lv_node.1,2,U
111216,L2_3600,-76.34421852,37.0399318,709528d0_lv_node.3,3,U
109675,L2_17280,-76.34421852,37.0399318,709534d0_lv_node.1,3,U
110813,L2_17280,-76.34421852,37.0399318,708116d0_lv_node.3,3,U
109313,L2_17280,-76.34421852,37.0399318,707866d0_lv_node.1,2,U
343,L2_7200,-76.34421852,37.0399318,708175d0_lv_node.3,3,U
348,L2_7200,-76.34421852,37.0399318,708175d0_lv_node.3,3,U
502,L2_7200,-76.34421852,37.0399318,708175d0_lv_node.3,3,U
653,L2_7200,-76.34421852,37.0399318,708175d0_lv_node.3,3,U
109809,L2_3600,-76.34421852,37.0399318,708116d0_lv_node.3,3,U
929,L2_7200,-76.34421852,37.0399318,708085d0_lv_node.1,3,U
1220,L2_7200,-76.34421852,37.0399318,708085d0_lv_node.1,3,U
109254,L2_17280,-76.34421852,37.0399318,709468d0_lv_node.1,3,U
109554,L2_17280,-76.34421852,37.0399318,708085d0_lv_node.1,3,U
110895,L2_17280,-76.34421852,37.0399318,709520d0_lv_node.3,3,U
110098,L2_17280,-76.34421852,37.0399318,708085d0_lv_node.1,3,U
110321,L2_3600,-76.34421852,37.0399318,709486d0_lv_node.2,3,U
111109,L2_3600,-76.34421852,37.0399318,709519d0_lv_node.1,3,U
111255,L2_3600,-76.34421852,37.0399318,708119d0_lv_node.1,3,U
110555,L2_3600,-76.34421852,37.0399318,708109d0_lv_node.3,3,U
110832,L2_17280,-76.34421852,37.0399318,708138d0_lv_node.1,3,U
760,L2_7200,-76.34421852,37.0399318,708127d0_lv_node.1,3,U
6,L2_7200,-76.34421852,37.0399318,708085d0_lv_node.1,3,U
476,L2_7200,-76.34421852,37.0399318,708085d0_lv_node.1,3,U
453,L2_7200,-76.34421852,37.0399318,708085d0_lv_node.1,3,U
753,L2_7200,-76.34421852,37.0399318,708085d0_lv_node.1,3,U
109415,L2_17280,-76.34421852,37.0399318,708175d0_lv_node.3,3,U
109239,L2_17280,-76.34421852,37.0399318,709583d0_lv_node.2,3,U
109095,L2_17280,-76.34421852,37.0399318,708085d0_lv_node.1,3,U
620,L2_7200,-76.34421852,37.0399318,710105d0_lv_node.3,3,U
110357,L2_17280,-76.34421852,37.0399318,708109d0_lv_node.3,3,U
111379,L2_3600,-76.34421852,37.0399318,710063d0_lv_node.2,3,U
110564,L2_3600,-76.34421852,37.0399318,708196d0_lv_node.1,3,U
101,L2_7200,-76.34421852,37.0399318,709532d0_lv_node.1,3,U
727,L2_7200,-76.34421852,37.0399318,709488d0_lv_node.3,3,U
1292,L2_7200,-76.34421852,37.0399318,709488d0_lv_node.3,3,U
1321,L2_7200,-76.34421852,37.0399318,709488d0_lv_node.3,3,U
108764,L2_17280,-76.34421852,37.0399318,709594d0_lv_node.3,3,U
109795,L2_3600,-76.34421852,37.0399318,710065d0_lv_node.2,3,U
108766,L2_3600,-76.34421852,37.0399318,708128d0_lv_node.1,3,U
108960,L2_17280,-76.34421852,37.0399318,709520d0_lv_node.3,3,U
111309,L2_3600,-76.34421852,37.0399318,709606d0_lv_node.2,3,U
315,L2_7200,-76.34421852,37.0399318,708228d0_lv_node.2,3,U
109877,L2_17280,-76.34421852,37.0399318,708125d0_lv_node.1,3,U
108742,L2_17280,-76.34421852,37.0399318,710104d0_lv_node.3,3,U
111180,L2_3600,-76.34421852,37.0399318,708074d0_lv_node.1,3,U
109668,L2_17280,-76.34421852,37.0399318,709504d0_lv_node.3,3,U
111123,L2_17280,-76.34421852,37.0399318,709488d0_lv_node.3,3,U
1062,L2_7200,-76.34421852,37.0399318,708175d0_lv_node.3,3,U
110137,L2_17280,-76.34421852,37.0399318,709576d0_lv_node.1,3,U
108747,L2_3600,-76.34421852,37.0399318,710068d0_lv_node.3,3,U
110544,L2_17280,-76.34421852,37.0399318,708115d0_lv_node.1,3,U
109288,L2_17280,-76.34421852,37.0399318,709468d0_lv_node.1,3,U
110647,L2_17280,-76.34421852,37.0399318,709593d0_lv_node.3,3,U
110465,L2_17280,-76.34421852,37.0399318,709519d0_lv_node.1,3,U
109232,L2_17280,-76.34421852,37.0399318,710104d0_lv_node.3,3,U
748,L2_7200,-76.34421852,37.0399318,708195d0_lv_node.3,3,U
111126,L2_3600,-76.34421852,37.0399318,709606d0_lv_node.2,3,U
109709,L2_17280,-76.34421852,37.0399318,709546d0_lv_node.3,3,U
110838,L2_17280,-76.34421852,37.0399318,709503d0_lv_node.2,3,U
109142,L2_17280,-76.34421852,37.0399318,709468d0_lv_node.1,3,U
110973,L2_17280,-76.34421852,37.0399318,708082d0_lv_node.1,3,U
109274,L2_3600,-76.34421852,37.0399318,708135d0_lv_node.1,3,U
110220,L2_3600,-76.34421852,37.0399318,709556d0_lv_node.2,3,U
110978,L2_3600,-76.34421852,37.0399318,708135d0_lv_node.1,3,U
110294,L2_17280,-76.34421852,37.0399318,708070d0_lv_node.3,2,U
1190,L2_7200,-76.34421852,37.0399318,709520d0_lv_node.3,3,U
110550,L2_17280,-76.34421852,37.0399318,708098d0_lv_node.1,3,U
110790,L2_17280,-76.34421852,37.0399318,709503d0_lv_node.2,3,U
114,L2_7200,-76.34421852,37.0399318,708123d0_lv_node.3,3,U
201,L2_7200,-76.34421852,37.0399318,708123d0_lv_node.3,3,U
525,L2_7200,-76.34421852,37.0399318,709521d0_lv_node.2,3,U
110582,L2_3600,-76.34421852,37.0399318,709556d0_lv_node.2,3,U
111315,L2_17280,-76.34421852,37.0399318,709585d0_lv_node.2,3,U
111340,L2_3600,-76.34421852,37.0399318,708085d0_lv_node.1,3,U
108857,L2_17280,-76.34421852,37.0399318,708175d0_lv_node.3,3,U
109263,L2_17280,-76.34421852,37.0399318,709502d0_lv_node.3,3,U
111184,L2_3600,-76.34421852,37.0399318,709576d0_lv_node.1,3,U
109221,L2_17280,-76.34421852,37.0399318,708127d0_lv_node.1,3,U
111251,L2_3600,-76.34421852,37.0399318,708123d0_lv_node.3,3,U
109623,L2_17280,-76.34421852,37.0399318,709488d0_lv_node.3,3,U
109311,L2_17280,-76.34421852,37.0399318,708220d0_lv_node.2,3,U
108946,L2_3600,-76.34421852,37.0399318,708217d0_lv_node.2,3,U
109483,L2_3600,-76.34421852,37.0399318,708109d0_lv_node.3,3,U
111395,L2_17280,-76.34421852,37.0399318,708092d0_lv_node.1,3,U
111502,L2_3600,-76.34421852,37.0399318,708100d0_lv_node.1,3,U
111482,L2_17280,-76.34421852,37.0399318,708135d0_lv_node.1,3,U
109908,L2_17280,-76.34421852,37.0399318,708140d0_lv_node.1,3,U
110338,L2_17280,-76.34421852,37.0399318,708119d0_lv_node.1,3,U
109851,L2_17280,-76.34421852,37.0399318,709583d0_lv_node.2,3,U
108784,L2_17280,-76.34421852,37.0399318,708175d0_lv_node.3,3,U
654,L2_7200,-76.34421852,37.0399318,709587d0_lv_node.1,3,U
646,L2_7200,-76.34421852,37.0399318,709587d0_lv_node.1,3,U
647,L2_7200,-76.34421852,37.0399318,709587d0_lv_node.1,3,U
110736,L2_17280,-76.34421852,37.0399318,708165d0_lv_node.3,3,U
723,L2_7200,-76.34421852,37.0399318,709537d0_lv_node.2,3,U
108851,L2_17280,-76.34421852,37.0399318,707866d0_lv_node.1,2,U
109378,L2_3600,-76.34421852,37.0399318,708140d0_lv_node.1,3,U
111202,L2_3600,-76.34421852,37.0399318,708165d0_lv_node.3,3,U
111260,L2_3600,-76.34421852,37.0399318,709523d0_lv_node.3,3,U
110023,L2_17280,-76.34421852,37.0399318,709528d0_lv_node.3,3,U
352,L2_7200,-76.34421852,37.0399318,708111d0_lv_node.1,3,U
110671,L2_17280,-76.34421852,37.0399318,708176d0_lv_node.1,3,U
111082,L2_3600,-76.34421852,37.0399318,709546d0_lv_node.3,3,U
109253,L2_17280,-76.34421852,37.0399318,708082d0_lv_node.1,3,U
108807,L2_17280,-76.34421852,37.0399318,708140d0_lv_node.1,3,U
111171,L2_3600,-76.34421852,37.0399318,708125d0_lv_node.1,3,U
10,L2_7200,-76.34421852,37.0399318,708074d0_lv_node.1,3,U
111494,L2_3600,-76.34421852,37.0399318,708140d0_lv_node.1,3,U
110542,L2_17280,-76.34421852,37.0399318,709593d0_lv_node.3,3,U
111014,L2_3600,-76.34421852,37.0399318,708085d0_lv_node.1,3,U
111444,L2_17280,-76.34421852,37.0399318,708194d0_lv_node.3,3,U
108885,L2_3600,-76.34421852,37.0399318,710065d0_lv_node.2,3,U
109258,L2_17280,-76.34421852,37.0399318,709586d0_lv_node.1,3,U
110552,L2_17280,-76.34421852,37.0399318,709503d0_lv_node.2,3,U
110038,L2_17280,-76.34421852,37.0399318,710068d0_lv_node.3,3,U
110899,L2_17280,-76.34421852,37.0399318,708196d0_lv_node.1,3,U
110251,L2_17280,-76.34421852,37.0399318,709488d0_lv_node.3,3,U
109045,L2_17280,-76.34421852,37.0399318,709583d0_lv_node.2,3,U
111499,L2_3600,-76.34421852,37.0399318,708098d0_lv_node.1,3,U
109868,L2_3600,-76.34421852,37.0399318,709583d0_lv_node.2,3,U
108844,L2_17280,-76.34421852,37.0399318,709583d0_lv_node.2,3,U
109760,L2_17280,-76.34421852,37.0399318,709594d0_lv_node.3,3,U
775,L2_7200,-76.34421852,37.0399318,709576d0_lv_node.1,3,U
109887,L2_17280,-76.34421852,37.0399318,709528d0_lv_node.3,3,U
299,L2_7200,-76.34421852,37.0399318,709594d0_lv_node.3,3,U
110329,L2_17280,-76.34421852,37.0399318,710063d0_lv_node.2,3,U
110081,L2_17280,-76.34421852,37.0399318,708109d0_lv_node.3,3,U
110011,L2_17280,-76.34421852,37.0399318,709530d0_lv_node.3,3,U
111060,L2_3600,-76.34421852,37.0399318,709519d0_lv_node.1,3,U
111323,L2_3600,-76.34421852,37.0399318,709520d0_lv_node.3,3,U
110944,L2_17280,-76.34421852,37.0399318,709577d0_lv_node.1,3,U
109280,L2_17280,-76.34421852,37.0399318,709528d0_lv_node.3,3,U
1170,L2_7200,-76.34421852,37.0399318,709523d0_lv_node.3,3,U
110303,L2_3600,-76.34421852,37.0399318,709533d0_lv_node.1,3,U
109273,L2_3600,-76.34421852,37.0399318,709497d0_lv_node.1,3,U
110307,L2_17280,-76.34421852,37.0399318,708140d0_lv_node.1,3,U
110326,L2_17280,-76.34421852,37.0399318,709504d0_lv_node.3,3,U
109645,L2_17280,-76.34421852,37.0399318,708194d0_lv_node.3,3,U
209,L2_7200,-76.34421852,37.0399318,709522d0_lv_node.3,3,U
247,L2_7200,-76.34421852,37.0399318,709522d0_lv_node.3,3,U
405,L2_7200,-76.34421852,37.0399318,709522d0_lv_node.3,3,U
1132,L2_7200,-76.34421852,37.0399318,709522d0_lv_node.3,3,U
110013,L2_17280,-76.34421852,37.0399318,709537d0_lv_node.2,3,U
562,L2_7200,-76.34421852,37.0399318,708082d0_lv_node.1,3,U
535,L2_7200,-76.34421852,37.0399318,708082d0_lv_node.1,3,U
109057,L2_17280,-76.34421852,37.0399318,708100d0_lv_node.1,3,U
110000,L2_17280,-76.34421852,37.0399318,707866d0_lv_node.1,2,U
109355,L2_3600,-76.34421852,37.0399318,708112d0_lv_node.1,3,U
109419,L2_17280,-76.34421852,37.0399318,708070d0_lv_node.3,2,U
108995,L2_17280,-76.34421852,37.0399318,708097d0_lv_node.1,3,U
111416,L2_17280,-76.34421852,37.0399318,708140d0_lv_node.1,3,U
109056,L2_17280,-76.34421852,37.0399318,709593d0_lv_node.3,3,U
110272,L2_17280,-76.34421852,37.0399318,710065d0_lv_node.2,3,U
109880,L2_17280,-76.34421852,37.0399318,708085d0_lv_node.1,3,U
111409,L2_3600,-76.34421852,37.0399318,710063d0_lv_node.2,3,U
109162,L2_17280,-76.34421852,37.0399318,708123d0_lv_node.3,3,U
111383,L2_3600,-76.34421852,37.0399318,708085d0_lv_node.1,3,U
110600,L2_17280,-76.34421852,37.0399318,708176d0_lv_node.1,3,U
109030,L2_17280,-76.34421852,37.0399318,709528d0_lv_node.3,3,U
108942,L2_17280,-76.34421852,37.0399318,709522d0_lv_node.3,3,U
109968,L2_17280,-76.34421852,37.0399318,709587d0_lv_node.1,3,U
108970,L2_17280,-76.34421852,37.0399318,709530d0_lv_node.3,3,U
111042,L2_17280,-76.34421852,37.0399318,708196d0_lv_node.1,3,U
110327,L2_17280,-76.34421852,37.0399318,708135d0_lv_node.1,3,U
109884,L2_3600,-76.34421852,37.0399318,708128d0_lv_node.1,3,U
795,L2_7200,-76.34421852,37.0399318,708074d0_lv_node.1,3,U
110376,L2_17280,-76.34421852,37.0399318,708196d0_lv_node.1,3,U
110487,L2_17280,-76.34421852,37.0399318,709488d0_lv_node.3,3,U
200,L2_7200,-76.34421852,37.0399318,708125d0_lv_node.1,3,U
528,L2_7200,-76.34421852,37.0399318,708125d0_lv_node.1,3,U
108968,L2_17280,-76.34421852,37.0399318,710110d0_lv_node.3,3,U
110363,L2_3600,-76.34421852,37.0399318,710110d0_lv_node.3,3,U
109112,L2_17280,-76.34421852,37.0399318,709533d0_lv_node.1,3,U
110604,L2_17280,-76.34421852,37.0399318,709575d0_lv_node.1,3,U
111211,L2_3600,-76.34421852,37.0399318,708165d0_lv_node.3,3,U
110839,L2_17280,-76.34421852,37.0399318,709546d0_lv_node.3,3,U
111113,L2_3600,-76.34421852,37.0399318,708085d0_lv_node.1,3,U
109309,L2_17280,-76.34421852,37.0399318,709556d0_lv_node.2,3,U
109339,L2_17280,-76.34421852,37.0399318,708084d0_lv_node.1,3,U
110110,L2_3600,-76.34421852,37.0399318,708175d0_lv_node.3,3,U
110701,L2_17280,-76.34421852,37.0399318,709606d0_lv_node.2,3,U
110464,L2_17280,-76.34421852,37.0399318,709546d0_lv_node.3,3,U
109943,L2_3600,-76.34421852,37.0399318,709546d0_lv_node.3,3,U
1455,L2_7200,-76.34421852,37.0399318,709513d0_lv_node.1,3,U
111160,L2_3600,-76.34421852,37.0399318,709534d0_lv_node.1,3,U
109316,L2_17280,-76.34421852,37.0399318,708109d0_lv_node.3,3,U
1347,L2_7200,-76.34421852,37.0399318,710111d0_lv_node.3,3,U
111142,L2_3600,-76.34421852,37.0399318,710064d0_lv_node.3,3,U
111071,L2_3600,-76.34421852,37.0399318,708220d0_lv_node.2,3,U
452,L2_7200,-76.34421852,37.0399318,708220d0_lv_node.2,3,U
896,L2_7200,-76.34421852,37.0399318,708069d0_lv_node.3,2,U
110440,L2_17280,-76.34421852,37.0399318,708123d0_lv_node.3,3,U
109230,L2_3600,-76.34421852,37.0399318,709520d0_lv_node.3,3,U
1100,L2_7200,-76.34421852,37.0399318,709533d0_lv_node.1,3,U
1188,L2_7200,-76.34421852,37.0399318,709533d0_lv_node.1,3,U
108795,L2_17280,-76.34421852,37.0399318,708125d0_lv_node.1,3,U
575,L2_7200,-76.34421852,37.0399318,710111d0_lv_node.3,3,U
109181,L2_17280,-76.34421852,37.0399318,709521d0_lv_node.2,3,U
111318,L2_3600,-76.34421852,37.0399318,708090d0_lv_node.3,3,U
1059,L2_7200,-76.34421852,37.0399318,710105d0_lv_node.3,3,U
111135,L2_3600,-76.34421852,37.0399318,709583d0_lv_node.2,3,U
526,L2_7200,-76.34421852,37.0399318,708131d0_lv_node.1,3,U
938,L2_7200,-76.34421852,37.0399318,708131d0_lv_node.1,3,U
108952,L2_17280,-76.34421852,37.0399318,708128d0_lv_node.1,3,U
111047,L2_17280,-76.34421852,37.0399318,708116d0_lv_node.3,3,U
109120,L2_17280,-76.34421852,37.0399318,708127d0_lv_node.1,3,U
109061,L2_17280,-76.34421852,37.0399318,708115d0_lv_node.1,3,U
110497,L2_17280,-76.34421852,37.0399318,707866d0_lv_node.1,2,U
110014,L2_17280,-76.34421852,37.0399318,709533d0_lv_node.1,3,U
109166,L2_17280,-76.34421852,37.0399318,709528d0_lv_node.3,3,U
949,L2_7200,-76.34421852,37.0399318,709587d0_lv_node.1,3,U
1034,L2_7200,-76.34421852,37.0399318,709587d0_lv_node.1,3,U
111189,L2_3600,-76.34421852,37.0399318,709583d0_lv_node.2,3,U
110235,L2_3600,-76.34421852,37.0399318,708123d0_lv_node.3,3,U
109716,L2_17280,-76.34421852,37.0399318,708121d0_lv_node.1,3,U
1001,L2_7200,-76.34421852,37.0399318,708140d0_lv_node.1,3,U
110538,L2_3600,-76.34421852,37.0399318,708125d0_lv_node.1,3,U
108869,L2_17280,-76.34421852,37.0399318,708140d0_lv_node.1,3,U
109551,L2_3600,-76.34421852,37.0399318,710067d0_lv_node.3,3,U
109742,L2_17280,-76.34421852,37.0399318,708165d0_lv_node.3,3,U
881,L2_7200,-76.34421852,37.0399318,708128d0_lv_node.1,3,U
110974,L2_3600,-76.34421852,37.0399318,709486d0_lv_node.2,3,U
1204,L2_7200,-76.34421852,37.0399318,709580d0_lv_node.1,3,U
110574,L2_3600,-76.34421852,37.0399318,709503d0_lv_node.2,3,U
109838,L2_17280,-76.34421852,37.0399318,708165d0_lv_node.3,3,U
111036,L2_3600,-76.34421852,37.0399318,708133d0_lv_node.1,3,U
111437,L2_3600,-76.34421852,37.0399318,708127d0_lv_node.1,3,U
109594,L2_17280,-76.34421852,37.0399318,708175d0_lv_node.3,3,U
109691,L2_17280,-76.34421852,37.0399318,708135d0_lv_node.1,3,U
111076,L2_3600,-76.34421852,37.0399318,708109d0_lv_node.3,3,U
109398,L2_17280,-76.34421852,37.0399318,707866d0_lv_node.1,2,U
111259,L2_3600,-76.34421852,37.0399318,708069d0_lv_node.3,2,U
650,L2_7200,-76.34421852,37.0399318,709594d0_lv_node.3,3,U
109197,L2_17280,-76.34421852,37.0399318,709583d0_lv_node.2,3,U
109910,L2_17280,-76.34421852,37.0399318,708128d0_lv_node.1,3,U
1338,L2_7200,-76.34421852,37.0399318,708140d0_lv_node.1,3,U
1340,L2_7200,-76.34421852,37.0399318,708140d0_lv_node.1,3,U
111083,L2_17280,-76.34421852,37.0399318,708133d0_lv_node.1,3,U
110086,L2_17280,-76.34421852,37.0399318,708131d0_lv_node.1,3,U
110732,L2_3600,-76.34421852,37.0399318,709486d0_lv_node.2,3,U
109284,L2_17280,-76.34421852,37.0399318,708127d0_lv_node.1,3,U
1255,L2_7200,-76.34421852,37.0399318,709586d0_lv_node.1,3,U
601,L2_7200,-76.34421852,37.0399318,710065d0_lv_node.2,3,U
110690,L2_3600,-76.34421852,37.0399318,708111d0_lv_node.1,3,U
109566,L2_17280,-76.34421852,37.0399318,709520d0_lv_node.3,3,U
109301,L2_17280,-76.34421852,37.0399318,709601d0_lv_node.3,3,U
111102,L2_3600,-76.34421852,37.0399318,708175d0_lv_node.3,3,U
255,L2_7200,-76.34421852,37.0399318,708109d0_lv_node.3,3,U
110231,L2_17280,-76.34421852,37.0399318,708090d0_lv_node.3,3,U
111286,L2_17280,-76.34421852,37.0399318,708085d0_lv_node.1,3,U
110096,L2_17280,-76.34421852,37.0399318,709468d0_lv_node.1,3,U
111219,L2_3600,-76.34421852,37.0399318,709583d0_lv_node.2,3,U
109546,L2_17280,-76.34421852,37.0399318,708121d0_lv_node.1,3,U
109820,L2_17280,-76.34421852,37.0399318,708138d0_lv_node.1,3,U
309,L2_7200,-76.34421852,37.0399318,708127d0_lv_node.1,3,U
678,L2_7200,-76.34421852,37.0399318,708127d0_lv_node.1,3,U
111250,L2_3600,-76.34421852,37.0399318,709502d0_lv_node.3,3,U
109993,L2_17280,-76.34421852,37.0399318,709537d0_lv_node.2,3,U
1472,L2_7200,-76.34421852,37.0399318,709496d0_lv_node.1,3,U
111453,L2_3600,-76.34421852,37.0399318,710065d0_lv_node.2,3,U
110589,L2_17280,-76.34421852,37.0399318,708169d0_lv_node.3,3,U
110612,L2_3600,-76.34421852,37.0399318,708128d0_lv_node.1,3,U
108879,L2_17280,-76.34421852,37.0399318,709575d0_lv_node.1,3,U
111356,L2_17280,-76.34421852,37.0399318,708085d0_lv_node.1,3,U
109606,L2_3600,-76.34421852,37.0399318,709535d0_lv_node.1,3,U
108815,L2_17280,-76.34421852,37.0399318,708069d0_lv_node.3,2,U
110741,L2_17280,-76.34421852,37.0399318,708121d0_lv_node.1,3,U
109904,L2_17280,-76.34421852,37.0399318,708100d0_lv_node.1,3,U
943,L2_7200,-76.34421852,37.0399318,709546d0_lv_node.3,3,U
109373,L2_17280,-76.34421852,37.0399318,709594d0_lv_node.3,3,U
111447,L2_3600,-76.34421852,37.0399318,709486d0_lv_node.2,3,U
856,L2_7200,-76.34421852,37.0399318,708176d0_lv_node.1,3,U
110295,L2_17280,-76.34421852,37.0399318,708119d0_lv_node.1,3,U
108999,L2_17280,-76.34421852,37.0399318,709468d0_lv_node.1,3,U
109810,L2_17280,-76.34421852,37.0399318,708217d0_lv_node.2,3,U
110219,L2_17280,-76.34421852,37.0399318,709546d0_lv_node.3,3,U
548,L2_7200,-76.34421852,37.0399318,708144d0_lv_node.1,3,U
108955,L2_17280,-76.34421852,37.0399318,708082d0_lv_node.1,3,U
111238,L2_3600,-76.34421852,37.0399318,709488d0_lv_node.3,3,U
109622,L2_17280,-76.34421852,37.0399318,708135d0_lv_node.1,3,U
111061,L2_3600,-76.34421852,37.0399318,709601d0_lv_node.3,3,U
110370,L2_17280,-76.34421852,37.0399318,708085d0_lv_node.1,3,U
109077,L2_17280,-76.34421852,37.0399318,708115d0_lv_node.1,3,U
467,L2_7200,-76.34421852,37.0399318,709533d0_lv_node.1,3,U
1049,L2_7200,-76.34421852,37.0399318,709533d0_lv_node.1,3,U
111018,L2_3600,-76.34421852,37.0399318,708073d0_lv_node.1,3,U
110606,L2_17280,-76.34421852,37.0399318,708138d0_lv_node.1,3,U
110623,L2_3600,-76.34421852,37.0399318,707866d0_lv_node.1,2,U
108762,L2_3600,-76.34421852,37.0399318,708133d0_lv_node.1,3,U
111023,L2_17280,-76.34421852,37.0399318,708082d0_lv_node.1,3,U
109261,L2_17280,-76.34421852,37.0399318,709488d0_lv_node.3,3,U
108927,L2_17280,-76.34421852,37.0399318,709606d0_lv_node.2,3,U
108837,L2_17280,-76.34421852,37.0399318,708195d0_lv_node.3,3,U
110342,L2_17280,-76.34421852,37.0399318,709593d0_lv_node.3,3,U
110969,L2_17280,-76.34421852,37.0399318,708138d0_lv_node.1,3,U
